Title,Year,Type,Significance,Description,Supporting_Text
"Publication of ""Forty years of community-based forestry"" (FAO Forestry Paper)",None,"Publication",{'primary_category': 'fostering_collective_action', 'justification': 'The publication disseminates knowledge about community‑based forestry, enabling stakeholders to act on the findings.', 'supporting_text': 'Publication of "Forty years of community-based forestry" (FAO Forestry Paper)'},"A review paper authored by Don Gilmour for the FAO that assesses the extent and effectiveness of community‑based forestry over a forty‑year period.","Forty years of community-based forestry A review of its extent and effectiveness

FAO FORESTRY PAPER Don Gilmour"
"FAO adopts the term “community forestry”",1978,"Publication",{'primary_category': 'impacting_salience_and_social_acceptance', 'justification': 'The adoption creates a common label that shapes discourse about community involvement in forests.', 'supporting_text': 'FAO (1978, p.\u202f1) originally adopted the term “community forestry” as an umbrella term…'},"FAO formally introduced the umbrella term “community forestry” to denote any situation that intimately involves local people in forestry activities.","FAO (1978, p. 1) originally adopted the term "community forestry" as an umbrella term for "any situation which intimately involves local people in a forestry activity"."
"FAO defines “social forestry”",1991,"Publication",{'primary_category': 'exposing_prevailing_condition', 'justification': 'The definition is noted as vague, highlighting ongoing confusion about terminology.', 'supporting_text': 'the concurrent emergence of the term “social forestry”, for which no clear definition exists, began a degree of confusion…'},"FAO used the term “social forestry” (without a clear definition) to refer to a narrower set of activities such as establishment of woodlots for deforestation mitigation and fuelwood provision.",""Social forestry" is used by some as interchangeable with community forestry and by others to describe a much narrower spectrum of activities such as establishment of woodlots to address deforestation and provide fuelwood (FAO, 1991)."
"FAO defines “participatory forestry”",2012,"Publication",{'primary_category': 'fostering_collective_action', 'justification': 'The definition explicitly enables stakeholder participation in forest decision‑making.', 'supporting_text': 'FAO (2012b) has defined participatory forestry as: “processes and mechanisms which enable people with a direct stake…'},"FAO provided a definition of participatory forestry as processes and mechanisms that enable stakeholders with a direct stake in forest resources to participate in decision‑making across all aspects of...","FAO (2012b) has defined participatory forestry as: "processes and mechanisms which enable people with a direct stake in forest resources to be part of decision-making in all aspects of forest management, including policy formulation processes"."
"FAO’s 2001 review of 25 years of community forestry",2001,"Publication",{'primary_category': 'revealing_potential_for_system_change', 'justification': 'The review synthesises four decades of experience, exposing trends that could shift forest governance.', 'supporting_text': 'FAO’s 2001 review of 25 years of community forestry (Arnold, 2001).'},"FAO published a comprehensive review covering the first 25 years of community forestry worldwide.","This follows the approach taken in FAO's 2001 review of 25 years of community forestry (Arnold, 2001)."
"FAO regional assessment for Asia",2006,"Publication",{'primary_category': 'revealing_potential_for_system_change', 'justification': 'The assessment documents a substantial increase in forest area under CBF, indicating possible systemic shifts.', 'supporting_text': 'FAO, 2006a for Asia… have carried out regional … assessments to chart these changes.'},"FAO released a regional assessment documenting community‑based forestry developments across Asian countries.","Both FAO and the Rights and Resources Initiative (RRI) have carried out regional and global assessments to chart these changes (see e.g. FAO, 2006a for Asia; ..."
"FAO regional assessment for Africa",2008,"Publication",{'primary_category': 'revealing_potential_for_system_change', 'justification': 'The assessment shows expanding CBF coverage in Africa, suggesting transformative potential.', 'supporting_text': 'FAO, 2008 for Africa… have carried out regional … assessments to chart these changes.'},"FAO released a regional assessment documenting community‑based forestry developments across African countries.","... FAO, 2008 for Africa; ..."
"FAO regional assessment for Eastern Europe",2012,"Publication",{'primary_category': 'revealing_potential_for_system_change', 'justification': 'The assessment highlights growth of CBF regimes in Eastern Europe, pointing to possible system change.', 'supporting_text': 'FAO, 2012a for Eastern Europe… have carried out regional … assessments to chart these changes.'},"FAO released a regional assessment documenting community‑based forestry developments across Eastern European countries.","... FAO, 2012a for Eastern Europe; ..."
"White & Martin global review of community forestry",2002,"Publication",{'primary_category': 'revealing_potential_for_system_change', 'justification': 'A global synthesis uncovers cross‑regional patterns that could drive broader change.', 'supporting_text': 'White and Martin, 2002 … for global reviews.'},"White and Martin published a global review of community forestry regimes and trends.","... White and Martin, 2002 ... for global reviews)."
"RRI global review of community forestry",2014,"Publication",{'primary_category': 'revealing_potential_for_system_change', 'justification': 'The global review maps rights‑based transformations, indicating pathways for systemic shift.', 'supporting_text': 'Rights and Resources Initiative (RRI) … for global reviews.'},"The Rights and Resources Initiative (RRI) produced a global review of community‑based forestry developments.","... RRI, 2014a for global reviews)."
"RECOFTC (2013) statement on rights transfer and SFM",2013,"Publication",{'primary_category': 'revealing_potential_for_system_change', 'justification': 'The statement links rights transfer to sustainable forest management, suggesting a lever for change.', 'supporting_text': 'There is an explicit assumption that the transfer of rights to communities will lead to SFM…'},"RECOFTC published an analysis asserting that transferring forest rights to communities is expected to lead to sustainable forest management and improved outcomes.","There is an explicit assumption that the transfer of rights to communities will lead to SFM and improvements in key environmental, social and economic outcomes that benefit smallholders and communities (RECOFTC, 2013)."
"Menton & Cronkleton 2014 review of CBF initiatives in the Peruvian Amazon",2014,"Publication",{'primary_category': 'exposing_prevailing_condition', 'justification': 'The review points out the lack of comprehensive effectiveness assessments, highlighting a knowledge gap.', 'supporting_text': 'We couldn’t find any comprehensive assessments of the effectiveness of existing programmes…'},"Menton and Cronkleton published a review of community‑based forestry initiatives in the Peruvian Amazon, concluding that comprehensive assessments of programme effectiveness were lacking.","Menton and Cronkleton (2014, p. 1), following a review of CBF initiatives in the Peruvian Amazon, reached the conclusion that ""even though there has been a great deal of research documenting forest use by rural people ... We couldn't find any comprehensive assessments of the effectiveness of existi..."
"Publication of ""Forestry for local community development""",1978,"Publication",{'primary_category': 'revealing_potential_for_system_change', 'justification': 'The paper introduced the concept that later shaped community‑based forestry.', 'supporting_text': 'The emergence ... can be traced back to the seminal paper Forestry for local community development (FAO, 1978).'},"FAO released the seminal paper that formally introduced community‑based forestry as a recognizable modality of forest management.","The emergence, growth and evolution of community-based forestry as a formally recognizable modality of forest management can be traced back to the seminal paper Forestry for local community development (FAO, 1978)."
"Eighth World Forestry Congress in Jakarta",1978,"Conference",{'primary_category': 'impacting_salience_and_social_acceptance', 'justification': 'The congress highlighted forests as a people‑centred issue, raising global awareness.', 'supporting_text': 'In the same year, the eighth World Forestry Congress in Jakarta carried the theme “Forests for People”.'},"The international congress adopted the theme “Forests for People,” highlighting the shift toward people‑centred forest management.","In the same year, the eighth World Forestry Congress in Jakarta carried the theme "Forests for People"."
"Emergence of smallholder and community‑based forestry",None,"Process",{'primary_category': 'fostering_collective_action', 'justification': 'Marks the start of organized community action to manage forests.', 'supporting_text': 'During the 1970s and 1980s, smallholder and community‑based forestry emerged in response partly to a perceived failure of the forest industry development model.'},"During the 1970s and 1980s, smallholder and community‑based forestry emerged as a response to the perceived failure of the forest‑industry development model and rising rates of deforestation and fores...","During the 1970s and 1980s, smallholder and community-based forestry emerged in response partly to a perceived failure of the forest industry development model to lead to socioeconomic development, and partly to the increasing rate of deforestation and forest land degradation in developing countries..."
"Pilot projects testing Community-Based Forestry (CBF) modalities",1980,"Process",{'primary_category': 'fostering_collective_action', 'justification': 'Pilots introduced participatory mechanisms that enabled community involvement in forest management.', 'supporting_text': 'Pilot projects tested CBF modalities in different settings to address environmental concerns, Emergence of “people’s participation” and bottom-up development'},"During the 1980s, pilot projects were implemented in various settings to test community‑based forestry modalities as a response to large‑scale deforestation and environmental degradation, fostering pe...","Pilot projects tested CBF modalities in different settings to address environmental concerns, Emergence of "people's participation" and bottom-up development"
"Forest sector reforms: decentralization and devolution policies",1980,"Process",{'primary_category': 'fostering_collective_action', 'justification': 'Decentralization created institutional space for local actors to manage forests.', 'supporting_text': 'Forest sector reforms: decentralization and devolution policies'},"In the 1980s, the forest sector underwent reforms that introduced decentralization and devolution policies, shifting management authority toward local and community levels.","Forest sector reforms: decentralization and devolution policies"
"Establishment of Community‑Based Forestry regimes formalizing indigenous peoples' rights",1990,"Process",{'primary_category': 'fostering_collective_action', 'justification': 'Formalizing rights empowered indigenous communities to govern forests.', 'supporting_text': 'Establishment of CBF regimes that formalize indigenous peoples’ rights to manage forests'},"During the 1990s, formal Community‑Based Forestry regimes were created that recognized and codified indigenous peoples' rights to manage forest resources, aligning with the emerging sustainable develo...","Establishment of CBF regimes that formalize indigenous peoples' rights to manage forests"
"Expansion of Community‑Based Forestry across all regions",1990,"Process",{'primary_category': 'fostering_collective_action', 'justification': 'Scaling CBF broadened community participation nationwide.', 'supporting_text': 'Expansion of CBF across all regions'},"In the 1990s, Community‑Based Forestry was scaled up and spread to all geographic regions, extending its reach beyond pilot sites.","Expansion of CBF across all regions"
"Additions to Community‑Based Forestry objectives to address global policy interests",2010,"Process",{'primary_category': 'impacting_salience_and_social_acceptance', 'justification': 'Linking CBF to global policies raised its relevance and legitimacy.', 'supporting_text': 'Additions to CBF objectives to address global policy interests'},"In the 2010s, Community‑Based Forestry objectives were broadened to incorporate global policy concerns such as climate change mitigation, combating illegal timber trade, and implementing payment for e...","Additions to CBF objectives to address global policy interests"
"Publication of Ostrom’s 1990 work on community‑based forestry",1990,"Publication",{'primary_category': 'fostering_collective_action', 'justification': 'Introduces the narrative that local communities can self‑organize and manage forests sustainably, providing the conceptual basis for collective action.', 'supporting_text': 'The popularity of community-based forestry ... rests primarily on a narrative popularized by Ostrom (1990) that local communities, when granted sufficient property rights ... can organize autonomously ...'},"Ostrom’s 1990 publication popularised the narrative that local communities granted property rights can autonomously organise and sustainably manage forest commons, forming the conceptual basis for com...","The popularity of community-based forestry as a formal type of forestry rests primarily on a narrative popularized by Ostrom (1990) that local communities, when granted sufficient property rights over local forest commons, can organize autonomously and develop local institutions to regulate the use ..."
"Publication of Tole’s 2010 analysis of CBF within IMF/World Bank conditionality",2010,"Publication",{'primary_category': 'exposing_prevailing_condition', 'justification': 'Shows how CBF is linked to broader IMF/World Bank conditionality and government cost‑cutting, highlighting external economic pressures.', 'supporting_text': 'Tole (2010, p. 1312) noted that CBF initiatives “fit squarely within the larger economy wide and institutional reforms ... under IMF ... and World Bank conditionality ..."'},"Tole (2010) highlighted that community‑based forestry initiatives align with broader economy‑wide and institutional reforms promoted by IMF and World Bank conditionality lending since the 1990s, espec...","Tole (2010, p. 1312) noted that CBF initiatives ""fit squarely within the larger economy wide and institutional reforms that many governments have been pursuing under IMF [International Monetary Fund] and World Bank conditionality lending since the 1990s. A significant condition in lending is that g..."
"Adoption of the United Nations Declaration on the Rights of Indigenous Peoples",2007,"Other",{'primary_category': 'impacting_salience_and_social_acceptance', 'justification': 'Gives additional legitimacy and momentum to the CBF movement by linking it to internationally recognised indigenous rights.', 'supporting_text': 'The United Nations (UN) Declaration on the Rights of Indigenous Peoples (adopted by the UN in 2007) has given additional impetus to this movement.'},"The UN General Assembly formally adopted the Declaration on the Rights of Indigenous Peoples, providing additional impetus to community‑based forestry movements by recognising indigenous peoples’ righ...","The United Nations (UN) Declaration on the Rights of Indigenous Peoples (adopted by the UN in 2007) has given additional impetus to this movement."
"Establishment of RECOFTC (Regional Center for Forestry Research and Development)",1987,"Organization",{'primary_category': 'fostering_collective_action', 'justification': 'Creates a regional institution focused on capacity‑building for CBF, enabling coordinated action across Asia and the Pacific.', 'supporting_text': 'RECOFTC was established in 1987 in Bangkok to provide a focus on capacity building for CBF in Asia and the Pacific.'},"RECOFTC was founded in Bangkok to provide capacity‑building support for community‑based forestry in Asia and the Pacific.","RECOFTC was established in 1987 in Bangkok to provide a focus on capacity building for CBF in Asia and the Pacific."
"FAO’s 1991 review of community‑based forestry",1991,"Publication",{'primary_category': 'revealing_potential_for_system_change', 'justification': 'Identifies gaps and sets a benchmark, highlighting the need for deeper analysis and future systemic improvements.', 'supporting_text': 'The two previous FAO reviews of CBF (FAO, 1991; Arnold, 2001) provide little ... nonetheless, these publications were important milestones.'},"FAO published a review of community‑based forestry, marking an early milestone in documenting the state of CBF programmes worldwide.","The two previous FAO reviews of CBF (FAO, 1991; Arnold, 2001) provide little in the way of quantitative or even qualitative data on the extent or effectiveness of community forestry."
"Arnold’s 2001 review of community‑based forestry",2001,"Publication",{'primary_category': 'revealing_potential_for_system_change', 'justification': 'Calls for a shift from promotion to critical analysis, pointing to pathways for strengthening the CBF system.', 'supporting_text': 'Arnold (2001), in reviewing progress with CBF ... noted that “it could be desirable if there were now to be a period of consolidation, moving from promotion to critical analysis...'},"Arnold (2001) reviewed 25 years of progress in community‑based forestry, calling for a shift from promotion to critical analysis and consolidation.","Arnold (2001), in reviewing progress with CBF over the previous 25 years, noted that "it could be desirable if there were now to be a period of consolidation, moving from promotion to critical analysis, with increased consideration of how best to address weaknesses and problems that have arisen"."
"Publication of Lawrence’s 2007 analysis of CBF evolution",2007,"Publication",{'primary_category': 'revealing_potential_for_system_change', 'justification': 'Describes CBF’s transition toward systemic, adaptive management, indicating a trajectory for deeper transformation.', 'supporting_text': 'Lawrence (2007, p.\u202f9) emphasized that CBF is not static. She argued that the evolutionary path of CBF “follows a trend from reductionist to systemic ..."'},"Lawrence (2007) argued that community‑based forestry follows an evolutionary path from reductionist to systemic approaches, describing successive ‘generations’ of CBF development.","Lawrence (2007, p. 9) emphasized that CBF is not static. She argued that the evolutionary path of CBF "follows a trend from reductionist to systemic, from simple to complex and from planned to adaptive...""
"Publication of McDermott & Schreckenberg’s 2009 comparative study of CBF regimes",2009,"Publication",{'primary_category': 'revealing_potential_for_system_change', 'justification': 'Highlights divergent regional trajectories, suggesting alternative pathways for scaling and adapting CBF.', 'supporting_text': 'McDermott and Schreckenberg (2009) noted distinct differences in the way that collaborative forms of CBF regimes have evolved in the global North and South.'},"McDermott and Schreckenberg (2009) highlighted distinct differences in how collaborative community‑based forestry regimes have evolved in the global North versus the global South.","McDermott and Schreckenberg (2009) noted distinct differences in the way that collaborative forms of CBF regimes have evolved in the global North and South."
"Publication of Pokharel et al.’s 2008 study on Nepal’s community forestry",2008,"Publication",{'primary_category': 'revealing_potential_for_system_change', 'justification': 'Shows how CBF can expand from pure conservation to broader social and governance objectives, indicating systemic evolution.', 'supporting_text': 'Pokharel et al. (2008, p.\u202f81), community forestry in Nepal “was initiated as part of an environmental movement ... Later, it encompassed issues of gender, livelihoods ..."'},"Pokharel et al. (2008) documented the evolution of Nepal’s community forestry from an environmental movement to a broader agenda encompassing gender, livelihoods, governance, and climate‑related issue...","As noted by Pokharel et al. (2008, p. 81), community forestry in Nepal ""was initiated as part of an environmental movement, which aimed to conserve forests ... Later, it encompassed issues of gender, livelihoods and local institutional sustainability ... Most recently, governance, democracy and soc..."
"United Nations Conference on the Environment and Development (1992)",1992,"Conference",{'primary_category': 'revealing_potential_for_system_change', 'justification': 'Set the global agenda that later enabled community‑based forest initiatives.', 'supporting_text': 'Following the United Nations Conference on the Environment and Development in 1992, the Commission on Sustainable Development (CSD) endorsed...'},"The UN Conference on the Environment and Development (the Earth Summit) was held in 1992; following it the Commission on Sustainable Development endorsed the role of local communities, indigenous peop...","Following the United Nations Conference on the Environment and Development in 1992, the Commission on Sustainable Development (CSD) endorsed the role of local communities, indigenous peoples and other stakeholders in pursuing SFM."
"Commission on Sustainable Development endorsement of community role in SFM",1992,"Policy",{'primary_category': 'fostering_collective_action', 'justification': 'Officially recognised communities as actors in sustainable forest management.', 'supporting_text': 'CSD endorsed the role of local communities, indigenous peoples and other stakeholders in pursuing SFM.'},"In 1992 the Commission on Sustainable Development formally endorsed the participation of local communities, indigenous peoples and other stakeholders in sustainable forest management.","Following the United Nations Conference on the Environment and Development in 1992, the Commission on Sustainable Development (CSD) endorsed the role of local communities, indigenous peoples and other stakeholders in pursuing SFM."
"Establishment of Intergovernmental Panel on Forests (IPF)",1995,"Other",{'primary_category': 'revealing_potential_for_system_change', 'justification': 'Created a platform to seek global consensus for participatory forest management.', 'supporting_text': 'CSD initiated the Intergovernmental Panel on Forests (IPF) in 1995 to seek a global consensus for action supportive of participatory and sustainable forest management.'},"The Commission on Sustainable Development initiated the Intergovernmental Panel on Forests (IPF) in 1995 to seek a global consensus for action supportive of participatory and sustainable forest manage...","CSD initiated the Intergovernmental Panel on Forests (IPF) in 1995 to seek a global consensus for action supportive of participatory and sustainable forest management."
"Establishment of IUCN Working Group on Community Involvement in Forest Management",1996,"Organization",{'primary_category': 'fostering_collective_action', 'justification': 'Formed a dedicated body to generate knowledge and advocacy for community forestry.', 'supporting_text': 'IUCN established a Working Group on Community Involvement in Forest Management...'},"The International Union for Conservation of Nature (IUCN) established a Working Group on Community Involvement in Forest Management and produced a series of five regional reports and a summary documen...","Commencing in 1996, the International Union for Conservation of Nature (IUCN) established a Working Group on Community Involvement in Forest Management and produced a series of five regional reports (covering Southeast Asia, South Asia, MesoAmerica, Western Europe, and Canada and the United States o..."
"IUCN Community Forestry Report Series Advocacy (1996‑2000)",None,"Process",{'primary_category': 'fostering_collective_action', 'justification': 'Produced reports used to advocate CBF in international fora.', 'supporting_text': 'IUCN ... produced a series of five regional reports ... used between 1996 and 2000 to advocate for CBF in international discussions...'},"Between 1996 and 2000 the IUCN Working Group’s regional reports were used to advocate for community‑based forest management in international discussions, providing input to the Intergovernmental Panel...","These were used between 1996 and 2000 to advocate for CBF in international discussions on forests through input to IPF and its successor, the Intergovernmental Forum on Forests (IFF)."
"UNFF Multi‑Year Programme of Work (2007‑2015)",None,"Process",{'primary_category': 'impacting_salience_and_social_acceptance', 'justification': 'Elevated CBF as a major theme within a UN‑level work programme.', 'supporting_text': 'Among the major themes of the 2007−2015 Programme of Work were community-based forest management...'},"The United Nations Forum on Forests incorporated the IPF/IFF proposals into its Multi‑Year Programme of Work for 2007‑2015, with major themes including community‑based forest management, social develo...","The successor to IPF and IFF, the United Nations Forum on Forests (UNFF), incorporated the IPF/IFF Proposals for Action into its Multi-Year Programme of Work. Among the major themes of the 2007−2015 Programme of Work were community-based forest management; social development and indigenous and other..."
"Adoption of the Sustainable Development Goals (SDGs)",2015,"Policy",{'primary_category': 'impacting_salience_and_social_acceptance', 'justification': 'Provided a globally recognised framework that references forest sustainability and CBF.', 'supporting_text': 'In September 2015 the United Nations adopted a set of 17 Sustainable Development Goals (SDGs)... CBF can contribute most directly to SDG 15.2.'},"In September 2015 the United Nations adopted a set of 17 Sustainable Development Goals, providing an overarching policy framework to guide global development through 2030 and emphasizing integration o...","In September 2015 the United Nations adopted a set of 17 Sustainable Development Goals (SDGs) which provide an overarching policy framework to guide the world's development agenda until 2030 (UN, 2015)."
"International PES Forum (2014)",2014,"Conference",{'primary_category': 'undermining_changes_and_progress', 'justification': 'Highlighted that most PES schemes had limited scale and failed to meet expectations.', 'supporting_text': 'A conclusion from an international PES forum held in 2014 noted that most PES schemes have been small in scale and ... not fulfilled the expectations.'},"A conclusion from an international Payment for Environmental Services (PES) forum held in 2014 noted that most PES schemes were small‑scale and had not met expectations for reducing tropical deforesta...","A conclusion from an international PES forum held in 2014 noted that most PES schemes have been small in scale and, by and large, have not fulfilled the expectations that have been claimed for them in terms of contributing to reduced tropical deforestation, providing additional income to forest owne..."
"Founding of the Programme for the Endorsement of Forest Certification (PEFC)",1999,"Organization",{'primary_category': 'fostering_collective_action', 'justification': 'Created an institution to support certification for small and community forests.', 'supporting_text': 'The Programme for the Endorsement of Forest Certification (PEFC) was founded in 1999 ... providing independent assessment, endorsement and recognition of national forest certification systems.'},"The Programme for the Endorsement of Forest Certification (PEFC) was founded in 1999 to address the specific requirements of small, family‑owned and community forests, providing independent assessment...","The Programme for the Endorsement of Forest Certification (PEFC) was founded in 1999 in response to the specific requirements of small, family‑owned and community forests as an international umbrella organization providing independent assessment, endorsement and recognition of national forest certif..."
"Adoption of the EU Forest Law Enforcement, Governance and Trade (FLEGT) Action Plan",2003,"Policy",{'primary_category': 'revealing_potential_for_system_change', 'justification': 'Introduced a policy mechanism aimed at curbing illegal logging through trade controls.', 'supporting_text': 'The European Union (EU) adopted the Forest Law Enforcement, Governance and Trade (FLEGT) Action Plan in 2003.'},"The European Union adopted the Forest Law Enforcement, Governance and Trade (FLEGT) Action Plan in 2003 to combat illegal logging and ensure that timber exports are accompanied by licences demonstrati...","Concerns about the impact of illegal logging and associated trade led the European Union (EU) to adopt the Forest Law Enforcement, Governance and Trade (FLEGT) Action Plan in 2003."
"Establishment of the FLARE network",2015,"Organization",{'primary_category': 'fostering_collective_action', 'justification': 'Created a community of practice to share knowledge and improve forest‑livelihood interventions.', 'supporting_text': 'In early 2015 IFRI announced the establishment of the Forests and Livelihoods: Assessment, Research and Engagement (FLARE) network...'},"In early 2015 the International Forestry Research Institute (IFRI) announced the establishment of the Forests and Livelihoods: Assessment, Research and Engagement (FLARE) network, a community of pract...","In early 2015 IFRI announced the establishment of the Forests and Livelihoods: Assessment, Research and Engagement (FLARE) network, a community of practice with the aim of advancing the state of knowledge regarding forest‑based livelihoods."
"Adoption of multi‑point declaration at UNFF eleventh session",2015,"Conference",{'primary_category': 'fostering_collective_action', 'justification': 'The declaration formalises collective action by indigenous and local communities for sustainable forest management.', 'supporting_text': 'UNFF (2015) recognized the importance of collective action by indigenous and local communities in advancing sustainable forest management.'},"The United Nations Forum on Forests adopted a multi‑point declaration recognizing the importance of collective action by indigenous and local communities in advancing sustainable forest management.","In the multi-point declaration adopted at its eleventh session, UNFF (2015) recognized the importance of collective action by indigenous and local communities in advancing sustainable forest management."
"CPF call for increased community role in forest management",2011,"Policy",{'primary_category': 'fostering_collective_action', 'justification': 'The call urges governments to expand community participation, building implementation capacity.', 'supporting_text': 'The Collaborative Partnership on Forests (CPF, 2011) called for governments across the globe to increase the role of communities in forest management.'},"The Collaborative Partnership on Forests issued a call for governments worldwide to increase the role of communities in forest management.","The Collaborative Partnership on Forests (CPF, 2011) called for governments across the globe to increase the role of communities in forest management."
"Inclusion of community forestry research domain in CIFOR strategic plan",2008,"Process",{'primary_category': 'revealing_potential_for_system_change', 'justification': 'Embedding community forestry in a strategic research agenda signals systemic shift potential.', 'supporting_text': 'The Center for International Forestry Research (CIFOR, 2008) has included “Improving livelihoods through smallholder and community forestry” as one of the six research domains...'},"CIFOR incorporated "Improving livelihoods through smallholder and community forestry" as one of its six research domains in a strategic plan covering 2008–2018.","The Center for International Forestry Research (CIFOR, 2008) has included "Improving livelihoods through smallholder and community forestry" as one of the six research domains in its 2008−2018 strategic plan."
"Inclusion of Community Forest Management and Enterprises in ITTO thematic programme",2014,"Policy",{'primary_category': 'revealing_potential_for_system_change', 'justification': 'ITTO’s programme integration highlights cross‑scale institutional support for community‑based forest enterprises.', 'supporting_text': 'The International Tropical Timber Organization (ITTO, 2014) has included Community Forest Management and Enterprises as one of its five thematic programmes.'},"The International Tropical Timber Organization added Community Forest Management and Enterprises as one of its five thematic programmes.","The International Tropical Timber Organization (ITTO, 2014) has included Community Forest Management and Enterprises as one of its five thematic programmes."
"Adoption of target on integrating traditional knowledge by CBD COP",2010,"Conference",{'primary_category': 'impacting_salience_and_social_acceptance', 'justification': 'The target elevates traditional knowledge within a global biodiversity framework, increasing legitimacy.', 'supporting_text': 'The Conference of the Parties of the Convention on Biological Diversity has adopted a target ... respecting and fully integrating traditional knowledge and practices...'},"The Conference of the Parties to the Convention on Biological Diversity adopted a target to respect and fully integrate traditional knowledge and practices of indigenous and local communities into bio...","The Conference of the Parties of the Convention on Biological Diversity has adopted a target ... (CBD, 2010)."
"FAO revamping of community‑based forestry programme",2013,"Process",{'primary_category': 'fostering_collective_action', 'justification': 'FAO’s programme overhaul creates new implementation pathways for community forestry.', 'supporting_text': 'FAO, through its new Strategic Framework, is revamping its programme on community‑based forestry to contribute to its five Strategic Objectives...'},"Through its new Strategic Framework, the Food and Agriculture Organization began revamping its community‑based forestry programme to support rural poverty alleviation, food security, nutrition, and su...","FAO, through its new Strategic Framework, is revamping its programme on community-based forestry ... (FAO, 2013)."
