Name,Definition,Significance,Domain,Supporting_Text
"Protected area management categories","A system for classifying protected areas into distinct management types; first attempted by IUCN in 1978 and revised in 1994 into six categories, now widely used and endorsed by the parties to the Con...",{'primary_category': 'revealing_potential_for_system_change', 'justification': 'The concept provides a structured way to differentiate protection objectives, enabling system‑wide coordination.', 'supporting_text': 'IUCN protected area management categories'},"","A first attempt to address this by categorising protected areas was made by IUCN in 1978. In 1994, IUCN adopted a revised system of six management categories. This system is now being widely used and has recently been endorsed by the parties to the Convention on Biological Diversity."
"Modern protected area movement","The historical development of protected areas that began in the nineteenth century in nations such as the United States, Australia, New Zealand and South Africa, and later spread worldwide, leading to...",{'primary_category': 'revealing_potential_for_system_change', 'justification': 'The movement reflects a historic shift toward organized, large‑scale nature protection.', 'supporting_text': 'Thus the modern protected areas movement had nineteenth century origins...'},"","Thus the modern protected areas movement had nineteenth century origins in the then "new" nations of North America, Australia, New Zealand and South Africa, but other countries were quick to follow suit."
"National park","A type of protected area designated for public use, recreation and the enjoyment of natural beauty, exemplified by the 1872 dedication of Yellowstone as a public park for the benefit and enjoyment of ...",{'primary_category': 'fostering_collective_action', 'justification': 'National parks institutionalise public‑benefit protection and provide a model for collective stewardship.', 'supporting_text': 'The first true national park came in 1872 with the dedication of Yellowstone by United States law...'},"","The first true national park came in 1872 with the dedication of Yellowstone by United States law "as a public park or pleasuring ground for the benefit and enjoyment of the people"."
"Sacred groves","Traditional protected natural sites regarded as sacred by local communities, representing a universal idea of protecting special places found in parts of Africa.",{'primary_category': 'fostering_collective_action', 'justification': 'Sacred groves illustrate community‑based protection practices that support biodiversity.', 'supporting_text': 'in parts of Africa (sacred groves)'},"","the idea of protection of special places is universal: it occurs among the traditions of communities in the Pacific ("tapu" areas) and in parts of Africa (sacred groves), for example."
"Tapu areas","Culturally designated protected zones in Pacific communities, reflecting a traditional practice of setting aside land for conservation and spiritual reasons.",{'primary_category': 'fostering_collective_action', 'justification': 'Tapu areas show indigenous cultural mechanisms that restrict use and preserve ecosystems.', 'supporting_text': 'traditions of communities in the Pacific (“tapu” areas)'},"","the idea of protection of special places is universal: it occurs among the traditions of communities in the Pacific ("tapu" areas) and in parts of Africa (sacred groves), for example."
"Protected areas as cultural artefacts","The concept that protected areas are not only ecological spaces but also cultural objects whose histories are intertwined with human civilisation.",{'primary_category': 'revealing_potential_for_system_change', 'justification': 'Framing protected areas as cultural artefacts highlights socio‑ecological interdependence, opening pathways for integrated policy.', 'supporting_text': 'Protected areas are cultural artefacts and their story is entwined with that of human civilisation.'},"","Protected areas are cultural artefacts and their story is entwined with that of human civilisation."
"Protected area","A geographically defined space that meets the IUCN definition of a protected area, set up for various reasons, located in wilderness or long‑settled landscapes, spanning ecosystems such as forests, sa...",{'primary_category': 'revealing_potential_for_system_change', 'justification': 'Scale and diversity of protected areas show large‑scale system transformation potential.', 'supporting_text': 'well over 100,000 sites ... cover nearly 11.7% of the land surface of the planet'},"","In all, there are well over 100,000 sites that meet the IUCN definition of a protected area (see below). Together, these cover nearly 11.7% of the land surface of the planet (data source: UNEP/WCMC). ... protected areas: ■ have been set up for different reasons; ■ exist in wilderness areas and in lo..."
"Categories system (for protected areas)","A classification framework developed to organise the wide variety of protected areas according to attributes such as purpose of establishment, ecosystem type, size, governance structure, and ownership...",{'primary_category': 'exposing_prevailing_condition', 'justification': 'Developed in response to identified issues in protected‑area practice.', 'supporting_text': 'this very short history hints at some of the issues that gave rise to the development of the categories system'},"","Already this very short history hints at some of the issues that gave rise to the development of the categories system."
"International framework for protected areas","A global and regional networked structure that coordinates protected‑area efforts through conventions and programmes such as the World Heritage Convention, the Ramsar Convention, and the European Natu...",{'primary_category': 'revealing_potential_for_system_change', 'justification': 'Marks the start of a coordinated global structure for protection.', 'supporting_text': 'The start of an international framework for protected areas'},"","The start of an international framework for protected areas"
"global framework for protected areas","The idea of a worldwide coordinated system for protected areas that emerged from the post‑World War II conservation movement.",{'primary_category': 'revealing_potential_for_system_change', 'justification': 'The concept links disparate national efforts into a coordinated, system‑wide approach.', 'supporting_text': 'The emergence of a world‑wide conservation movement after the Second World War encouraged the idea of a global framework for protected areas.'},"","The emergence of a world‑wide conservation movement after the Second World War encouraged the idea of a global framework for protected areas."
"protected area categories (1933)","Four categories recommended for protected areas: national park, strict nature reserve, fauna and flora reserve, and reserve with prohibition for hunting and collecting.",{'primary_category': 'revealing_potential_for_system_change', 'justification': 'Introduced a standardized set of categories that could be adopted internationally.', 'supporting_text': 'This recommended four protected area categories (national park, strict nature reserve, fauna and flora reserve, and reserve with prohibition for hunting and collecting)'},"","This recommended four protected area categories (national park, strict nature reserve, fauna and flora reserve, and reserve with prohibition for hunting and collecting), which were widely used by colonial powers in Sub‑Saharan Africa."
"nomenclature of protected areas","The terminology and naming conventions used to describe different types of protected areas, which became the subject of early debate.",{'primary_category': 'revealing_potential_for_system_change', 'justification': 'Debates on nomenclature highlighted the need for consistent terminology to enable system‑wide coordination.', 'supporting_text': 'At this meeting, the first proper debate about the ‘nomenclature’ of protected areas … took place'},"","At this meeting, the first proper debate about the 'nomenclature' of protected areas, which was based on a paper by C.F. Brockman, took place."
"classification system for protected areas (IUCN 1969)","A simple classification system that grouped protected lands into ‘national parks’, ‘scientific reserves’ and ‘natural monuments’.",{'primary_category': 'revealing_potential_for_system_change', 'justification': 'The 1969 definition of ‘national park’ contributed to a formal classification framework.', 'supporting_text': 'The IUCN General Assembly in New Delhi in 1969 defined ‘national park’ as: “a relatively large area …”'},"","In it, a simple classification system was used: 'national parks', 'scientific reserves' and 'natural monuments' (Holdgate, 1999)."
"Dasman's classification of protected areas (1972)","A detailed system dividing protected lands into six groups: Protected Anthropological Areas, Protected Historical or Archaeological Areas, Protected Natural Areas, Multiple Use Areas, National Parks, ...",{'primary_category': 'revealing_potential_for_system_change', 'justification': 'Introduces a new, multi‑category system that expands how protected areas can be conceptualised and managed.', 'supporting_text': 'Dasmann proposed the following system of protected areas: 1. Protected Anthropological Areas … 6. National Parks'},"","Dasmann proposed the following system of protected areas: 1. Protected Anthropological Areas (Natural Biotic Areas, Cultivated Landscapes, Sites of Special Interest) 2. Protected Historical or Archaeological Areas (Archaeological Sites, Historical Sites) 3. Protected Natural Areas (Strict Natural Ar..."
"UN List of protected areas","The first comprehensive ‘World List of National Parks and Equivalent Reserves’, compiled by IUCN and published in 1961, later known as the UN List of protected areas.",{'primary_category': 'fostering_collective_action', 'justification': 'Provides a shared inventory that enables coordination and standard‑setting across nations.', 'supporting_text': 'first version of the now familiar “UN List” of protected areas – was published in 1961'},"","IUCN's new protected areas commission compiled a 300‑page "World List of National Parks and Equivalent Reserves". This – the first version of the now familiar "UN List" of protected areas – was published in 1961 and presented at the Seattle First World Conference on National Parks in 1962."
"Man and Biosphere Programme","An international programme, launched in 1971, that links human activity with biosphere conservation and promotes sustainable development within protected areas.",{'primary_category': 'revealing_potential_for_system_change', 'justification': 'An international programme that links conservation with sustainable development, opening pathways for systemic change.', 'supporting_text': 'New international programmes and treaties were making an impact (e.g.: the Man and Biosphere Programme, initiated in 1971'},"","New international programmes and treaties were making an impact (e.g.: the Man and Biosphere Programme, initiated in 1971; ..."
"Ramsar Wetlands Convention","A 1971 international treaty focused on the conservation and wise use of wetlands.",{'primary_category': 'revealing_potential_for_system_change', 'justification': 'Creates a global treaty framework for wetland protection, expanding the scope of protected‑area governance.', 'supporting_text': 'New international programmes and treaties were making an impact (e.g.: … the Ramsar Wetlands Convention, 1971'},"","... the Ramsar Wetlands Convention, 1971; ..."
"World Heritage Convention","A 1972 UNESCO convention establishing a framework for the identification and protection of world heritage sites, including natural areas.",{'primary_category': 'revealing_potential_for_system_change', 'justification': 'Establishes an international mechanism that recognises and safeguards sites of universal value.', 'supporting_text': 'New international programmes and treaties were making an impact (e.g.: … and the World Heritage Convention, 1972'},"","... and the World Heritage Convention, 1972)."
"Categories system for protected areas","A framework that groups protected lands into ten categories based on their management objectives rather than national names, allowing a broad set of legal and managerial options for conservation land ...",,"","The work was funded by the Rockefeller Foundation and led by Dr Kenton Miller, chair of the CNPPA Committee on Criteria and Nomenclature... It advocated using a range of categories, based on management objectives rather than national names. These categories of land were to be thought of as ""members..."
"National park (as a protected‑area concept)","The most common method for the management of conservation areas, representing one approach among many to protected‑area conservation and can be complemented by other distinct categories.",,"","The committee incorporated the agreed 1969 New Delhi definition of national park, but recognised that this was only one approach among many to protected areas conservation. ""The national park was the most common method for the management of conservation areas ...(but it) can be complemented by othe..."
"Management objectives (as a categorisation principle)","The guiding criteria for assigning protected‑area categories, focusing on the purpose for which an area is managed rather than on its national or linguistic label.",,"","It advocated using a range of categories, based on management objectives rather than national names... regardless of nomenclature used by nations or consistent to particular languages, a conservation area can be recognised and categorised by the objectives for which it is in fact managed."
"Conservation area (conceptual definition)","A land or sea area that is managed for conservation purposes and can be recognised and categorised according to its management objectives, independent of the specific name or legal terminology used by...",,"","ensure that "regardless of nomenclature used by nations or consistent to particular languages, a conservation area can be recognised and categorised by the objectives for which it is in fact managed" (ibid, page 6)."
"Protected Areas Management Categories (1994 system)","The adopted 1994 framework that updates and expands the earlier IUCN categorisation, providing a standardized set of categories for protected‑area management worldwide.",,"","The adoption of the 1994 system of Protected Areas Management Categories"
"IUCN protected area categories","A classification system for protected areas that, after revision, consists of six categories built around management objectives, replacing the earlier 1978 system (Categories I‑V) and abandoning Categ...",{'primary_category': 'revealing_potential_for_system_change', 'justification': 'The category framework structures how protected areas are classified and managed globally, enabling systemic transformation.', 'supporting_text': 'the IUCN protected‑area categories system'},"","endorse a system of six protected area categories based on management objectives; ... the IUCN General Assembly, meeting in Buenos Aires, approved the new system, commended it to governments and called on CNPPA to finalise guidance to explain it."
"Protected area (definition)","An area of land and/or sea especially dedicated to the protection and maintenance of biological diversity, and of natural and associated cultural resources, and managed through legal or other effectiv...",{'primary_category': 'revealing_potential_for_system_change', 'justification': 'Sets the universe of applicability, enabling systematic categorisation.', 'supporting_text': 'Part I of the Guidelines sets out a definition of a protected area'},"","Part I of the Guidelines sets out a definition of a protected area: An area of land and/or sea especially dedicated to the protection and maintenance of biological diversity, and of natural and associated cultural resources, and managed through legal or other effective means."
"Common language for protected‑area stakeholders","A shared terminology that enables managers, planners, researchers, politicians and citizen groups in all countries to exchange information and views about protected areas.",{'primary_category': 'fostering_collective_action', 'justification': 'Facilitates communication and coordination among managers, planners, researchers and citizens.', 'supporting_text': 'providing a common language by which managers, planners, researchers, politicians and citizens groups ... can exchange information'},"",""These guidelines have a special significance as they are intended for everyone involved in protected areas, providing a common language by which managers, planners, researchers, politicians and citizens groups in all countries can exchange information and views"."
"Management objectives as basis for categorisation","The principle that protected‑area categories should be assigned according to the specific conservation and use goals that guide the management of each area.",{'primary_category': 'revealing_potential_for_system_change', 'justification': 'Defines the systematic basis for assigning categories, enabling a shift in how protected areas are managed.', 'supporting_text': 'The Guidelines ... define ... Management objectives as basis for categorisation.'},"","endorse a system of six protected area categories based on management objectives"
"International standards for protected‑area accounting and comparison","Guidelines that provide a uniform framework for collecting, handling and disseminating data about protected areas, enabling global and regional accounting and cross‑country comparisons.",{'primary_category': 'revealing_potential_for_system_change', 'justification': 'Standardised accounting creates cross‑scale comparability, opening pathways for system‑wide improvement.', 'supporting_text': 'to provide international standards to help global and regional accounting and comparisons between countries'},"","to provide international standards to help global and regional accounting and comparisons between countries; to provide a framework for the collection, handling and dissemination of data about protected areas"
"Category VI (protected area category)","A protected‑area category that allows for sustainable use of natural resources, requiring that at least two‑thirds of the area remain in an essentially natural state, excludes large commercial plantat...",{'primary_category': 'revealing_potential_for_system_change', 'justification': 'Category\u202fVI introduces a hybrid conservation‑use model, opening pathways for new governance arrangements.', 'supporting_text': 'The introduction of Category VI… must be managed for the long term protection and maintenance of biodiversity.'},"","The introduction of Category VI came in response to a concern among many developing country participants at the Caracas Congress that protected areas should include places where resources are conserved in essentially their natural condition as a basis for sustainable use. ... At least two‑thirds of ..."
"IUCN protected area category system","A classification framework that assigns protected areas to management categories (e.g., Categories I‑IV, V) to provide a basis for reporting, recording, and guiding management objectives.",,"","The definitive version was issued in 1994, and has lately received intergovernmental recognition. … the system of protected area categories continues to evolve …"
"United Nations List of Protected Areas","A publication (1997 and 2003 versions) that classifies individual protected areas by the management category to which they have been assigned.",,"","The publication of the United Nations List of Protected Areas (1997 and 2003 versions) which classifies individual protected areas by the management category to which they have been assigned (IUCN/WCMC, 1998 and Chape et al., 2003)."
"Best Practice Protected Area Guidelines Series","A series of guidelines produced by IUCN and Cardiff University that promotes the use of the IUCN protected‑area category system across all volumes, including specific guidance on Category V.",,"","the publications in the IUCN/Cardiff University Best Practice Protected Area Guidelines Series, which promotes the use of the system in all eleven volumes published to date, including specific guidance on Category V (Phillips, 2002)."
"Principle of excluding mining from protected area Categories I‑IV","A principle stating that governments and other actors should ensure that mining operations of all kinds are excluded from protected areas classified in Categories I through IV.",{'primary_category': 'fostering_collective_action', 'justification': 'The principle proposes a concrete policy rule that guides governments to protect nature, enabling coordinated action to keep mining out of high‑value protected areas.', 'supporting_text': 'a position statement on mining and protected areas ... argued that governments ... should ensure that mining operations ... were excluded from protected area Categories I–IV.'},"","A position statement on mining and protected areas, developed by WCPA 1998, which argued that governments and others should ensure that mining operations of all kinds were excluded from protected area Categories I‑IV."
"Idea of categorising protected areas by their objectives","The conceptual approach of grouping protected areas based on the specific conservation or management objectives they are intended to achieve.",{'primary_category': 'revealing_potential_for_system_change', 'justification': 'The idea introduces a systematic framework that can reshape how protected areas are managed and coordinated across scales.', 'supporting_text': 'the idea of categorising protected areas by their objectives.'},"","This is the background to the idea of categorising protected areas by their objectives."
"IUCN system of protected area management categories","A classification system for protected areas developed by the International Union for Conservation of Nature (IUCN) that provides a set of categories to label protected areas according to their managem...",{'primary_category': 'revealing_potential_for_system_change', 'justification': 'The core classification that has been adopted in legislation and policy, shaping how protected areas are managed globally.', 'supporting_text': 'Over 10% of legislation... has been strongly influenced by the IUCN guidance, including that for several major States...'},"","As part of the Speaking a Common Language project, the World Conservation Union's (IUCN) Environmental Law Centre (ELC) was asked to research legal and policy frameworks for protected areas to see whether these have been influenced by the IUCN system of protected area management categories."
"1994 IUCN Protected Area Management Categories","The 1994 guidelines that introduced the IUCN protected‑area classification system; they serve as an international framework for dialogue about protected areas and have been incorporated into various l...",{'primary_category': 'revealing_potential_for_system_change', 'justification': 'The 1994 guidelines serve as the reference point for the legal and policy influence documented in the study.', 'supporting_text': 'the first IUCN categories system was published (see article by Phillips in this issue of PARKS).'},"","The research was focused on protected area information dated from 1978 onwards, which is when the first IUCN categories system was published (see article by Phillips in this issue of PARKS)."
"CBD Programme of Work on Protected Areas","A programme adopted by the Convention on Biological Diversity in early 2004 that endorses the IUCN protected‑area categories and supports the Speaking a Common Language project, representing a signifi...",{'primary_category': 'impacting_salience_and_social_acceptance', 'justification': 'Endorses the IUCN categories at the global level, raising their legitimacy and visibility.', 'supporting_text': 'the Convention on Biological Diversity (CBD) adopted a Programme of Work on Protected Areas, which endorses the categories system'},"","But early in 2004, the Convention on Biological Diversity (CBD) adopted a Programme of Work on Protected Areas, which endorses the categories system and supports the Speaking a Common Language project."
"Speaking a Common Language project","A project coordinated by the IUCN Environmental Law Centre to research and document how legal and policy frameworks for protected areas have been influenced by the IUCN protected‑area management categ...",{'primary_category': 'fostering_collective_action', 'justification': 'The project mobilises actors to assess and disseminate knowledge about category influence, supporting coordinated action.', 'supporting_text': 'As part of the Speaking a Common Language project, the Environmental Law Centre (ELC) of IUCN was asked to research...'},"","AS PART OF THE SPEAKING A COMMON LANGUAGE PROJECT, the Environmental Law Centre (ELC) of IUCN - The World Conservation Union, was asked to research legal and policy frameworks for protected areas to see whether these have been influenced by the IUCN system of protected area management categories."
"Single international classification system for protected areas","The concept that a unified, globally‑recognised classification of protected‑area categories is valuable for ensuring consistent understanding, reporting, and communication across countries and institu...",{'primary_category': 'revealing_potential_for_system_change', 'justification': 'Proposed as a unifying framework that can align national and international protected‑area reporting.', 'supporting_text': 'the value of a single international classification system for protected areas'},"","This need is formally reflected in the CBD Programme of Work on Protected Areas, which speaks of 'the value of a single international classification system for protected areas'."
"Non‑driving principle of IUCN categories","A principle stating that IUCN protected‑area categories should not be used as a ‘driving’ mechanism for governments or organisations; instead, protected areas should first be established to meet natio...",{'primary_category': 'exposing_prevailing_condition', 'justification': 'Clarifies that categories should not be used as a coercive mechanism, highlighting a common misconception in policy design.', 'supporting_text': 'these categories must in no way be considered as a ‘driving’ mechanism for governments or organisations'},"","In his Introduction to the guidance, the then WCPA Chair, P.H.C. (Bing) Lucas emphasised that ""these categories must in no way be considered as a 'driving' mechanism for governments or organisations in deciding the purposes of potential protected areas. Protected areas should be established to meet..."
"IUCN system of categories","An international classification system for protected areas that is refined by the IUCN World Commission on Protected Areas (WCPA) and used by Parties, governments and organisations to assign managemen...",{'primary_category': 'revealing_potential_for_system_change', 'justification': 'The system underpins international classification and thus can drive systemic change in conservation practice.', 'supporting_text': 'The IUCN categories had a strong influence on the development of the revised Convention'},"","the on‑going efforts of the IUCN WCPA to refine the IUCN system of categories and encourages Parties, other Governments and relevant organisations to assign protected area management categories to their protected areas, providing information consistent with the refined IUCN categories for reporting ..."
"Conservation Area","Any protected area designated and managed mainly or wholly for one of several purposes, including science or wilderness protection, ecosystem protection and recreation, conservation of specific natura...",{'primary_category': 'fostering_collective_action', 'justification': 'Defining the term provides a legal and operational target for protected‑area creation.', 'supporting_text': 'Article V, defines a “Conservation Area” as any protected area designated and managed'},"","Article V, defines a ""Conservation Area"" as any protected area designated and managed mainly or wholly for one of the following purposes: i) Science or wilderness protection (Strict Nature Reserve/Wilderness Areas); ii) Ecosystem protection and recreation (National Parks) iii) Conservation of spec..."
"IUCN protected area management categories","An international classification system that assigns protected areas to specific categories based on their primary management purpose, used to guide conservation planning and management.",{'primary_category': 'revealing_potential_for_system_change', 'justification': 'The category system provides the classification backbone for systematic conservation planning.', 'supporting_text': 'IUCN protected area management categories'},"","The IUCN protected area management categories concept is slowly filtering down into Australian State and Territory legal and policy frameworks and is also beginning to be implemented in the field and incorporated into park management plans."
"Australian IUCN Reserve Management Principles","A set of principles derived from IUCN management guidelines that dictate how Commonwealth reserves must be managed according to their assigned IUCN category.",{'primary_category': 'revealing_potential_for_system_change', 'justification': 'These principles adapt the global IUCN categories to the Australian legal context.', 'supporting_text': 'The EPBC Regulations set out the Australian IUCN Reserve Management Principles for each IUCN category.'},"","The Act requires that each Commonwealth Reserve be assigned to one of the categories and that these reserves must be managed in accordance with the Australian IUCN Reserve Management Principles for that category - principles that have been strongly influenced by the IUCN management guidelines and cr..."
"National Reserve System (Australia)","A national network of protected areas established under Australian Guidelines for Establishing the National Reserve System, intended to coordinate and standardise protected‑area categories across all ...",{'primary_category': 'revealing_potential_for_system_change', 'justification': 'A national reserve system links individual protected areas into a coordinated network.', 'supporting_text': 'Australian Guidelines for Establishing the National Reserve System'},"","In 1999, all States and Territories agreed (through the Australian and New Zealand Environment and Conservation Council) to the Australian Guidelines for Establishing the National Reserve System."
"National Strategy on Protected Areas (Argentina)","Argentina's policy framework aimed at conserving the country's natural heritage and promoting sustainable development by harmonising the management categories of protected areas across 25 jurisdiction...",{'primary_category': 'revealing_potential_for_system_change', 'justification': 'The strategy provides a national blueprint for protected‑area categorisation and management.', 'supporting_text': 'The National Strategy on Protected Areas aims to achieve the conservation of Argentina’s natural heritage…'},"","The National Strategy on Protected Areas aims to achieve the conservation of Argentina's natural heritage, and to contribute to the sustainable development of the country. The policy specifically mentions the IUCN category system and aims ""To homogenise the different management categories of Protec..."
