Name,Type,Country,Description,Supporting_Text
"University of Pécs","Institution","Hungary","The academic institution where the author, Judit Farkas, is affiliated.","University of Pécs, Institute of Human Relations, Department of European Ethnology and Cultural Anthropology"
"Hungary","Country","None","Country referenced as having a very small number of eco‑village residents (no more than 500 people), illustrating the marginal presence of eco‑villages in that national context. The nation whose ecovi...","If you take a look at the number of persons living in eco-villages in Hungary (who actually do not count more than 500 people), you can state with confidence that it was a marginal feature in society."
"Pécs","City","Hungary","The city in which the University of Pécs is located.","University of Pécs, Institute of Human Relations, Department of European Ethnology and Cultural Anthropology"
"India","Country","None","Country of origin of sociologist Ramachandra Guha. Country where the ecovillage Auroville is located and which was affected by the South Asian tsunami.","Ramachandra Guha, a sociologist from India differentiates two major waves of environmentally sound thinking and movements"
"England","Country","None","Region referenced as the rural English landscape being spoiled by industrialisation and railways.","railways (and tourists) spoiling the rural English landscape"
"Copenhagen","City","Denmark","City where the University of Copenhagen is located; site of a 1969 student protest against pollution.","in the Spring of 1969 a couple of students interrupted the class on natural sciences at the University of Copenhagen, rushing in, carrying a mallard soaked in a marine oil spill and reciting anti-pollution slogans"
"University of Copenhagen","Institution","Denmark","Higher‑education institution where students staged a protest in 1969, illustrating the radicalisation of the environmental movement.","in the Spring of 1969 a couple of students interrupted the class on natural sciences at the University of Copenhagen, rushing in, carrying a mallard soaked in a marine oil spill and reciting anti-pollution slogans"
"Sheffield","City","United Kingdom","City in which Edward Carpenter, inspired by earlier thinkers, created a self‑sustaining community that grew vegetables and baked its own bread.","Carpenter ... created a community in the environs of the city of Sheffield, where they started to grow vegetables, baked their own bread and described their rolling, undulating countryside intersected with streamlets and grooves as a real Arcadia"
"Denmark","Country","Denmark","Country containing the city of Copenhagen and the University of Copenhagen mentioned in the 1969 student protest. Country where the cohousing movement was launched before spreading internationally. Co...","the co-housing movement started to blossom in Denmark"
"Palestine","Region","None","Historical region where the Essenes religious group operated in the first century BCE.","the Essenes, a religious group operating in Palestine in the first century before Christ"
"Roman Empire","Other","None","Historical empire during which the earliest intentional community is thought to have existed.","The first community seen as intentionally set up is thought to have existed in the times of the Roman Empire"
"Western Europe","Region","None","Geographic area where the lay Christian movement of the Brotherhood of the Free Spirit emerged.","the lay Christian movement of the Brotherhood of the Free Spirit in Western Europe"
"North America","Region","None","Continent where intentional communities began to appear as it was colonised.","as North America is colonised, the intentional communities started to appear on this continent as well"
"New World","Other","None","Historical term for the Americas, described as a major attraction for intentional communities seeking religious freedom and opportunity.","The New World represented a great force of attraction for these communities"
"Boston","City","United States","City near which the 19th‑century intentional community Brook Farm was created.","Brook Farm ... created by Transcendentalists in the surroundings of Boston during the 1840s"
"Scotland","Country","United Kingdom","Country where the Findhorn Foundation, a leading eco‑village, was established in 1962. Northern part of the UK where the Findhorn Foundation operates and collaborates with local authorities.","Findhorn Foundation established in 1962 Scotland"
"Auroville","City","India","Ecovillage in India that participated in clean‑up and reconstruction after the South Asian tsunami and the Haiti earthquake. South‑Indian intentional community cited as a prominent eco‑village.","the South-Indian Auroville"
"The Farm","Other","United States","An intentional community near Nashville, Tennessee, that partners with government and NGOs on environmental and social initiatives. Ecological intentional community in Tennessee, USA, recognized for p...","The Farm in the United States"
"Hendersonville","City","United States","City in Northern California where Mother Earth News began setting up organic gardens and energy‑saving houses in 1975.","Mother Earth News (Hendersonville, North-California) started to set up organic gardens"
"Gorleben","City","Germany","German town where a protest movement against a nuclear waste landfill led to the creation of an early eco‑village.","a protest movement was launched in the city of Gorleben, Germany"
"Seattle","City","United States","City referenced as the location of the paper “In Context” that reported on co‑housing initiatives.","Robert and Diane Gilman in their paper called In Context (Seattle) commenced to report"
"Gyűrűfű","City","Hungary","Hungarian locality whose eco‑village project was an early funding member of the Global Ecovillage Network.","the Hungarian Gyűrűfű project has already been involved as one of the funding members"
"Findhorn","City","United Kingdom","Ecovillage in the north of Scotland that hosts a UN CIFAL training centre and works with universities and local agencies. Scottish eco‑village that hosted the first international eco‑village meeting i...","The first international eco-village meeting took place in 1995 in Findhorn, Scotland"
"United States of America","Country","United States of America","Country where more than 2,000 intentional communities were founded during the 1960s counter‑culture wave.","in the United States of America alone, more than 2000 communities were founded at this time"
"Israel","Country","Israel","Country referenced for its Kibbutz movement, noted as a significant intentional community model.","touched upon the Israeli Kibbutzes only shortly as significant intentional communities"
"New Harmony","City","United States","Utopian community founded by Robert Owen, cited as an early example of socialist intentional communities.","Owen himself created a community called New Harmony"
"Brook Farm","Other","United States","Transcendentalist intentional community near Boston created in the 1840s, mentioned as a historic eco‑village precursor.","Brook Farm ... created by Transcendentalists in the surroundings of Boston during the 1840s"
"Solheimar","Other","Iceland","An Icelandic ecovillage founded in 1931, cited as one of the earliest members of the Global Ecovillage Network.","including the Icelandic ecovillage of Solheimar, which was created in 1931"
"Sri Lanka","Country","None","Country in South Asia where the Sarvodaya network works with almost two thousand primarily rural communities. Country where the organization Sarvodaya operates and which was affected by the South Asia...","Sarvodaya, a group that works with almost two thousand primarily rural communities across Sri Lanka;"
"Guinea","Country","None","One of the West African nations included in the COLUFIFA network of rural communities.","COLUFIFA (a French acronym meaning Committee for the Struggle to End Hunger), a network of two hundred and fifty communities spanning Guinea, Guinea-Bissau, Senegal, and Gambia;"
"Guinea‑Bissau","Country","None","One of the West African nations included in the COLUFIFA network of rural communities.","COLUFIFA (a French acronym meaning Committee for the Struggle to End Hunger), a network of two hundred and fifty communities spanning Guinea, Guinea-Bissau, Senegal, and Gambia;"
"Senegal","Country","None","West African state where GEN Senegal networks over thirty communities and where the government created a National Agency for Ecovillages.","GEN Senegal, an organization that networks over thirty communities in the west African state."
"Gambia","Country","None","One of the West African nations included in the COLUFIFA network of rural communities.","COLUFIFA (a French acronym meaning Committee for the Struggle to End Hunger), a network of two hundred and fifty communities spanning Guinea, Guinea-Bissau, Senegal, and Gambia;"
"Nashville","City","United States","The nearest city to The Farm ecovillage in Tennessee, USA.","The Farm, near Nashville, Tennessee, in the southeastern United States"
"United States","Country","None","Country in North America where The Farm and several Transition Town initiatives are located. Country referenced when discussing intentional communities that maintain high quality of life despite lower...","The Farm, near Nashville, Tennessee, in the southeastern United States"
"ZEGG","Institution","Germany","German ecovillage (Zentrum für experimentelle Gesellschaftsgestaltung) located just outside Berlin, active in regional sustainability projects. German ecovillage that chose to purchase food from local...","The German ecovillage ZEGG (Zentrum für experimentelle Gesellschaftsgestaltung, or Center for Experimental Cultural Design), located just outside Berlin"
"Berlin","City","Germany","Capital city of Germany, located near the ZEGG ecovillage.","located just outside Berlin"
"Belzig","City","Germany","Neighbouring town of ZEGG where a free school and other community projects have been created.","ZEGG has been an active partner in local initiatives to create a free school in the neighboring town of Belzig"
"Potsdam‑Mittelmark","Region","Germany","Regional administration in the state of Brandenburg that awarded ZEGG the "Local Agenda 21" prize.","In 2004, ZEGG won the "Local Agenda 21" award set up by the regional administration of Potsdam-Mittelmark in the state of Brandenburg"
"Brandenburg","Region","Germany","Federal state of Germany where the Potsdam‑Mittelmark district is located.","regional administration of Potsdam-Mittelmark in the state of Brandenburg"
"UN CIFAL training centre","Institution","United Kingdom","A United Nations capacity‑building centre located at the Findhorn ecovillage in Scotland.","Findhorn hosts a UN CIFAL training center (one of eleven such centers worldwide)"
"Cairngorm National Park","Other","United Kingdom","Protected area in Scotland for which Findhorn members provide consultancy services.","members who provide consultancy services for local organizations as diverse as the Cairngorm National Park"
"Wales","Region","United Kingdom","Country within the UK where the Centre for Alternative Technology leads the Ecodyfi initiative in the Dyfi valley. Region in the United Kingdom where the EcoDyfi initiative serves as a hub for sustain...","The Centre for Alternative Technology, a founding member of the GEN, is a leading player in the Ecodyfi initiative in Wales"
"Dyfi valley","Region","United Kingdom","Valley in Wales targeted for sustainable community regeneration through the Ecodyfi programme.","to foster sustainable community regeneration in the Dyfi valley"
"National Agency for Ecovillages","Institution","Senegal","Government agency created by Senegal to transform all 14,000 villages into ecovillages.","The most striking recent breakthrough has been the decision by the government of Senegal to create a National Agency for Ecovillages."
"Brazil","Country","None","Country that commissioned La Caravana Arcoiris por la Paz to develop fifty community‑based cultural centres.","Between 2005 and 2008, La Caravana was commissioned by the Brazilian government to help develop fifty community-based cultural centers in Brazilian towns and villages."
"Coyoacán district","Other","Mexico","District of Mexico City where La Caravana collaborates with the Secretariat of Culture.","Today, La Caravana is doing similar work in cooperation with the Secretariat of Culture in the Coyoacán district of Mexico City."
"Mexico City","City","Mexico","Capital of Mexico, containing the Coyoacán district where La Caravana operates.","Coyoacán district of Mexico City"
"Germany","Country","None","Country referenced multiple times as the location of ZEGG and related regional awards. Country where the ecovillage ZEGG is located.","The German ecovillage ZEGG (Zentrum für experimentelle Gesellschaftsgestaltung, or Center for Experimental Cultural Design)"
"Tennessee","Region","United States","U.S. state where The Farm ecovillage is located.","Three ecovillages--Auroville in India, Sarvodaya in Sri Lanka, and The Farm in Tennessee--were active players..."
"Port‑au‑Prince","City","Haiti","Capital city of Haiti where the 2009 earthquake reconstruction activities took place.","...the 2009 earthquake in Port‑au‑Prince, Haiti."
"Haiti","Country","None","Country affected by the 2009 earthquake referenced in the text.","...the 2009 earthquake in Port‑au‑Prince, Haiti."
"Stockholm","City","Sweden","City where the Swedish parliament presented the Right Livelihood Award to The Farm.","For its work in protecting indigenous cultures of the Americas through Plenty, The Farm received the first Right Livelihood Award, presented in the Swedish parliament in Stockholm."
"Sweden","Country","None","Country whose parliament in Stockholm awarded The Farm the Right Livelihood Award.","...presented in the Swedish parliament in Stockholm."
"UNITAR","Institution","None","United Nations Institute for Training and Research that endorsed the ecovillage curriculum.","...has been endorsed by the United Nations Institute for Training and Research (UNITAR)..."
"UNESCO","Institution","None","United Nations Educational, Scientific and Cultural Organisation that welcomed the ecovillage curriculum.","...welcomed by the United Nations Educational, Scientific and Cultural Organisation (UNESCO) as a valuable contribution..."
"Open University of Catalunya","Institution","Spain","Spanish university that offers the ecovillage curriculum as a master's program and delivers it virtually.","...taught virtually for several years through the Open University of Catalunya in Spain, where it is now offered as a master's program."
"Spain","Country","None","Country where the Open University of Catalunya is based.","...taught virtually for several years through the Open University of Catalunya in Spain..."
"Catalunya","Region","Spain","Autonomous region of Spain where the Open University of Catalunya is located.","...taught virtually for several years through the Open University of Catalunya in Spain..."
"Kenya","Country","None","Country where the Green Belt Movement mobilizes communities for tree‑planting and environmental conservation.","The Green Belt Movement (GBM) in Kenya, meanwhile, sees its mission as mobilizing communities for self‑determination..."
"Europe","Region","None","Region referenced in the context of legal actions taken in European courts regarding seed patents.","...successfully pursuing legal actions in the courts of both India and Europe to revoke patents taken out by Western multinationals."
