Title,Year,Type,Actors,Supporting_Text
"Our Plundered Planet",1948,"Book","Fairfield Osborn","Fairfield Osborn publishes Our Plundered Planet"
"Road to Survival",1948,"Book","William Vogt","William Vogt publishes Road to Survival"
"Sand County Almanac",1949,"Book","Aldo Leopold","Aldo Leopold publishes 4 Sand County Almanac"
"Resources for Freedom report",1952,"Report","Paley Commission","The Paley Commission publishes Resources for Freedom report"
"Clean Air Act",1956,"Law","United Kingdom","UK adopts its first Clean Air Act"
"Clean Air Act",1963,"Law","United States","USA adopts the Clean Air Act"
"Wilderness Act",1964,"Law","United States","USA adopts the Wilderness Act"
"Land and Water Conservation Act",1965,"Law","United States","USA adopts the Land and Water Conservation Act"
"Unsafe at Any Speed",1965,"Book","Ralph Nader","Ralph Nader publishes Unsafe at Any Speed"
"The Affluent Society",1958,"Book","J. K. Galbraith","J. K. Galbraith publishes The Affluent Society"
"Silent Spring",1962,"Book","Rachel Carson","Rachel Carson publishes Silent Spring"
"The Economics of the Coming Spaceship Earth",1966,"Other","Kenneth E. Boulding","Kenneth E. Boulding publishes his essay "The Economics of the Coming Spaceship Earth""
"Red Data Book",1966,"Report","International Union for Conservation of Nature","The International Union for Conservation of Nature publishes its first Red Data Book on endangered species"
"The Tragedy of the Commons",1968,"Book","Garrett Hardin","Garrett Hardin publishes 'The Tragedy of the Commons'"
"The Population Bomb",1968,"Book","Paul Ehrlich","Paul Ehrlich publishes The Population Bomb"
"Man's Impact on the Global Environment report",1970,"Report","MIT's Study of Critical Environmental Problems","MIT's Study of Critical Environmental Problems publishes Man's Impact on the Global Environment report"
"The Founex Report",1971,"Report","","The Founex Report identifies the link between development and environment"
"Bottle Bill",1971,"Law","State of Oregon","The US State of Oregon's Bottle Bill becomes law"
"The Entropy Law and the Economic Process",1971,"Book","Nicholas Georgescu-Roegen","Nicholas Georgescu-Roegen publishes The Entropy Law and the Economic Process"
"The Closing Circle",1971,"Book","Barry Commoner","Barry Commoner publishes The Closing Circle"
"A Blueprint for Survival",1972,"Other","The Ecologist","The UK-based magazine The Ecologist publishes 'A Blueprint for Survival'"
"The Limits to Growth",1972,"Report","Club of Rome","Club of Rome publishes The Limits to Growth"
"Only One Earth",1972,"Book","Barbara Ward","Barbara Ward publishes Only One Earth"
"Clean Water Act",1972,"Law","United States","USA adopts the Clean Water Act"
"Small is Beautiful",1973,"Book","E. F. Schumacher","E. F. Schumacher publishes Small is Beautiful"
"Post-Scarcity Anarchism",1973,"Book","Murray Bookchin","Murray Bookchin publishes Post-Scarcity Anarchism"
"Endangered Species Act",1973,"Law","United States","USA adopts the Endangered Species Act"
"Environmental Pollution Act",1974,"Law","United Kingdom","UK adopts the Environmental Pollution Act"
"RAMSAR Convention",1975,"Treaty","","RAMSAR Convention (wetlands) ... come into force"
"CITES",1975,"Treaty","","CITES (wild animal trade) ... come into force"
"Resource Conservation and Recovery Act",1976,"Law","United States","USA adopts the Resource Conservation and Recovery Act"
"Toxic Substances Control Act",1976,"Law","United States","USA adopts the ... Toxic Substances Control Act"
"North‑South: A Programme for Survival",1980,"Report","Brandt Commission","1980 The Brandt Commission publishes North‑South: A Programme for Survival"
"Wildlife and Countryside Act",1981,"Law","United Kingdom government","1981 UK adopts the Wildlife and Countryside Act"
"The Ultimate Resource",1981,"Book","Julian Simon","1981 Julian Simon publishes The Ultimate Resource"
"Common Crisis",1983,"Report","Brandt Commission","1983 Brandt Commission publishes Common Crisis"
"Our Common Future",1986,"Report","Brundtland Commission","1986 … Brundtland Commission publishes Our Common Future"
"Toxic Wastes and Race",1986,"Report","U.S. United Church of Christ's Commission for Racial Justice","1986 … US United Church of Christ's Commission for Racial Justice publishes Toxic Wastes and Race"
"Environmental Protection Act",1990,"Law","United Kingdom government","1990 … UK adopts the Environmental Protection Act"
"Kyoto Protocol",1997,"Treaty","United Nations Framework Convention on Climate Change (UNFCCC) parties","1997 The Kyoto Protocol on climate change is adopted"
"UN Millennium Ecosystem Assessment",2005,"Report","United Nations","2005 The UN Millennium Ecosystem Assessment is published"
"An Inconvenient Truth",2006,"Other","Al Gore","2006 Al Gore produces the Oscar‑winning climate change documentary film An Inconvenient Truth"
"The Stern Review",2006,"Report","Lord Stern","2006 The Stern Review estimates the cost of not taking action on climate change"
"Buy Nothing Day",1992,"Other","Anti‑consumerist movement in the USA","1992 … Anti‑consumerist 'Buy Nothing Day' is launched in the USA"
"IPCC Fourth Assessment Report on Climate Change",2007,"Report","Intergovernmental Panel on Climate Change (IPCC)","2007 Al Gore holds a Live Earth concert to raise awareness to combat climate change, **IPCC publishes its fourth assessment report on climate change**"
"Climate Change Act",2008,"Law","United Kingdom (UK)","2008 **UK adopts the world's first Climate Change Act** with a legally binding commitment to reduce carbon emissions"
"Global Green New Deal",2008,"Policy","United Nations Environment Programme (UNEP)","2008 UK adopts the world's first Climate Change Act with a legally binding commitment to reduce carbon emissions, **UNEP launches a Global Green New Deal**"
"Prosperity Without Growth",2009,"Book","Tim Jackson","2009 COP 15 climate change talks held in Copenhagen (Denmark), **Tim Jackson publishes Prosperity Without Growth**, University of East Anglia deals with the implications of 'climategate' email scandal"
"Towards a Green Economy",2011,"Report","United Nations Environment Programme (UNEP)","2011 **UNEP publishes Towards a Green Economy report**, UK coalition government abolishes the Royal Commission on Environmental Pollution and the Commission on Sustainable Development"
"IPCC Fifth Assessment Report on Climate Change",2014,"Report","Intergovernmental Panel on Climate Change (IPCC)","2014 **IPCC publishes its fifth assessment report on climate change**"
"De aëre, aquis et locis (Air, Waters and Places)",None,"Book","Hippocrates","Hippocrates (ca. 460 - ca. 377 BC) noted the effects of food, occupation and climate in causing disease in his book, De aëre, aquis et locis (Air, Waters and Places)."
"Silent Spring",1962,"Book","Rachel Carson","Rachel Carson's book Silent Spring (1962) was among the first to link the dangers of the atomic bomb to the misuse of pesticides, emphasising humanity's capacity to destroy nature and itself."
"The Tragedy of the Commons",1968,"Book","Garrett Hardin","'The Tragedy of the Commons' (Garrett Hardin, 1968) raised wider anxieties about the future of the planet."
"The Limits to Growth",1972,"Report","Donella Meadows et al.","The Limits to Growth (Meadows et al., 1972) raised wider anxieties about the future of the planet."
"A Blueprint for Survival",1972,"Report","The Ecologist","'A Blueprint for Survival' (The Ecologist, 1972) sketched out green alternatives."
"Small is Beautiful",1973,"Book","E. F. Schumacher","Small is Beautiful (E. F. Schumacher, 1973) sketched out green alternatives."
"Environmentalism since 1945",None,"Book","","Each chapter of Environmentalism since 1945 tells the story of a different aspect of environmentalism, starting with campaigns and campaign groups, then covering global environmental governance, science, economics and popular culture."
"Birds of America",1840,"Book","John James Audubon","the author of Birds of America (1840)"
"National Environmental Policy Act",None,"Law","","These included the National Environmental Policy Act, Clean Air Act, Clean Water Act and Endangered Species Act."
"Clean Air Act",None,"Law","","These included the National Environmental Policy Act, Clean Air Act, Clean Water Act and Endangered Species Act."
"Clean Water Act",None,"Law","","These included the National Environmental Policy Act, Clean Air Act, Clean Water Act and Endangered Species Act."
"Endangered Species Act",None,"Law","","These included the National Environmental Policy Act, Clean Air Act, Clean Water Act and Endangered Species Act."
"Revolt of the Bird Watchers",1971,"Report","Friends of the Earth, Environmental Defense Fund, Associated Press","A 1971 Associated Press article published as 'Revolt of the Bird Watchers' documents a lawsuit by FoE and the EDF..."
"Silent Spring",1962,"Book","Rachel Carson","In 1962, Rachel Carson brought DDT aerial spraying to widespread public attention through her bestselling book Silent Spring (see Chapter 4)."
"Reader's Digest",None,"Magazine","","with articles in Reader's Digest, Life and Sports Illustrated raising public fears about the effects of aerial spraying of DDT."
"Life",None,"Magazine","","with articles in Reader's Digest, Life and Sports Illustrated raising public fears about the effects of aerial spraying of DDT."
"Sports Illustrated",None,"Magazine","","with articles in Reader's Digest, Life and Sports Illustrated raising public fears about the effects of aerial spraying of DDT."
"Daily Mirror",1961,"Other","World Wildlife Fund (WWF)","In 1961, WWF launched its first British fundraising appeal with a special issue of the Daily Mirror newspaper."
"Superfund",1980,"Policy","US authorities","The US authorities had attempted to respond to the issue of abandoned hazardous waste sites through measures such as the 1980 Superfund set up to fund site clean ups."
"Toxic Wastes and Race",1987,"Report","United Church of Christ's Commission for Racial Justice","In 1987, the United Church of Christ's Commission for Racial Justice published Toxic Wastes and Race."
"Executive Order (1994) reinforcing civil rights and environmental laws",1994,"Order","President Bill Clinton","In 1994, President Bill Clinton recognised the importance of this issue when he signed an Executive Order reinforcing civil rights and environmental laws and requiring federal regulatory agencies to consider environmental justice in all their work."
"This Common Inheritance",1990,"Policy","British Government","A year later, the British Government published This Common Inheritance (1990), the first ever White Paper on the environment."
"Roads for Prosperity",1989,"Policy","Conservative government","A less welcome development for environmentalists was the Conservative government's plans for the 'largest road-building programme in the UK since the Romans', set out in the 1989 transport White Paper Roads for Prosperity (1989)."
"Getting Nowhere Fast",1976,"Report","Friends of the Earth (FoE)","FoE had campaigned against road schemes since 1972, and in 1976 published Getting Nowhere Fast, questioning the desirability of increased car use."
"Buy Nothing Day",1992,"Programme","anti‑consumerist activists","The anti‑consumerist Buy Nothing Day, first launched in the USA in 1992, encapsulated the ideals of this countercultural movement."
"50 Years is Enough",None,"Campaign","campaigners from trade justice communities, development communities, environment communities","Early large‑scale street protests began with the '50 Years is Enough' campaign. This campaign brought together campaigners from trade justice, development and environment communities to protest against the policies of the International Monetary Fund (IMF), World Bank and World Trade Organization (WT..."
"World Social Forum",2001,"Programme","civil society organisations","These networks continue to develop through a number of avenues such as the World Social Forum, which has met on a regular basis since 2001."
"Green My Apple campaign",2006,"Programme","Greenpeace, Greenpeace International","In 2006, Greenpeace launched the Green My Apple campaign when it found Apple less responsive than other computer companies to removing hazardous substances from products."
"Climate Change Act 2008",2008,"Law","UK government, Friends of the Earth (FoE)","In particular, the FoE's The Big Ask campaign helped create the public momentum needed for the UK government to adopt the 2008 Climate Change Act, which set the world's first legally binding targets to reduce six greenhouse gases by 80 per cent by 2050 compared with a 1990 baseline."
"The Big Ask campaign",None,"Programme","Friends of the Earth (FoE)","In particular, the FoE's The Big Ask campaign helped create the public momentum needed for the UK government to adopt the 2008 Climate Change Act"
"Noel Kampff Climate Action Project",1997,"Programme","Nature Conservancy, BP, Pacificorp, American Electric Power, Bolivian Government, Greenpeace","In 2009, Greenpeace published the findings of its investigation of the Noel Kampff Climate Action Project, a protected forest area set up in 1997 by the Nature Conservancy, BP, Pacificorp, American Electric Power and the Bolivian Government."
"The Big Ask campaign",2005,"Programme","Thom Yorke, Radiohead","Thom Yorke (b. 1968), lead singer of the music group Radiohead, launched The Big Ask campaign on 25 May 2005."
"Early Day Motion 178",2005,"Petition","UK Parliament","On the same day, a Parliamentary petition (Early Day Motion 178) opened calling for new legislation requiring annual cuts in carbon dioxide emissions of 3 per cent."
"I Count campaign",None,"Programme","Stop Climate Chaos coalition","The Stop Climate Chaos coalition ran the I Count campaign and organised a climate change rally in London to urge the government to introduce a climate change bill."
"Climate Change Bill",2008,"Law","UK Government, UK Parliament","On 26 October 2008, the climate law became a reality, and the first law of its kind in the world."
"American Power Act",2010,"Law","Obama Administration","In May 2010, the Obama Administration introduced a long-awaited Climate Change Bill, the American Power Act, which sought to reduce carbon emissions by 17 per cent by 2020 compared with 2005 levels."
"UN Declaration on Permanent Sovereignty over Natural Resources",1962,"Declaration","Developing nations, Chile, United Nations","In 1962 developing nations, led by Chile, secured a UN Declaration on Permanent Sovereignty over Natural Resources."
"UN General Assembly Resolution (1966)",1966,"Other","United Nations General Assembly, Developing nations","This was followed by a 1966 UN General Assembly Resolution, which recognised that developing nations must be able to exploit and market their natural wealth."
"Problems of the Human Environment",1969,"Report","U Thant, United Nations","the report, entitled Problems of the Human Environment (1969), suggested the world had a decade to seriously address air and water pollution, soil erosion and the waste of natural resources"
"The Population Bomb",1968,"Book","Paul Ehrlich","a series of books, including The Population Bomb (Paul Ehrlich, 1968) and The Limits to Growth (Meadows et al., 1972)"
"The Limits to Growth",1972,"Book","Donella Meadows et al.","a series of books, including The Population Bomb (Paul Ehrlich, 1968) and The Limits to Growth (Meadows et al., 1972)"
"Resolution 2398 (XXIII)",1968,"Resolution","UN General Assembly","The General Assembly adopted resolution 2398 (XXIII) convening the UNCHE and noting the '[...] continuing and accelerating impairment of the quality of the human environment'"
"The Founex Report on Development and Environment",1971,"Report","Intellectuals from developing nations","The outcome of these discussions was The Founex Report on Development and Environment (1971), which clearly set out the link between environment and development priorities"
"Declaration of Twenty‑Six Principles on the Human Environment",1972,"Declaration","UN Conference on the Human Environment participants, 113 developing and developed nations","After nine days of discussion and negotiation, the conference produced ... a Declaration of twenty‑six principles on the human environment"
"United Nations Environment Programme (UNEP)",1972,"Programme","United Nations","UNCHE also led to the establishment of the UN Environment Programme (UNEP) and provided momentum for an intensive period of international environmental law‑making"
"North-South: A Program for Survival",1980,"Report","Brandt Commission","It published two reports, North-South: A Program for Survival (1980) and Common Crisis North-South: Cooperation for World Recovery (1983)."
"Common Crisis North-South: Cooperation for World Recovery",1983,"Report","Brandt Commission","It published two reports, North-South: A Program for Survival (1980) and Common Crisis North-South: Cooperation for World Recovery (1983)."
"Resolution 38/161",1983,"Other","UN General Assembly","In 1983, the same year that Common Crisis was published, the UN General Assembly passed Resolution 38/161,20 establishing the World Commission on Environment and Development (WCED)."
"Our Common Future",1987,"Report","World Commission on Environment and Development (WCED), Gro Harlem Brundtland","The Norwegian Prime Minister, Gro Harlem Brundtland (b. 1939), chaired the Commission, and its report, Our Common Future, also known as the Brundtland Report, was published in 1987."
"World Conservation Strategy",1980,"Report","UN agencies, environmental groups","It defined the requirements for 'sustainable development', a concept that had been introduced seven years earlier in the World Conservation Strategy (1980) published by a coalition of UN agencies and environmental groups."
"Agenda 21",None,"Programme","Arab oil nations, UN","In the preparatory process, Arab oil nations attempted to remove energy conservation from the Agenda 21 plan of action."
"Brandt Report",None,"Report","","The Pearson Commission originally proposed the overseas aid target in 1969, and this was reiterated by the Brandt Report a decade later."
"UN Framework Convention on Climate Change (UNFCCC)",None,"Treaty","UNCED negotiators","UNCED negotiators eventually secured the adoption of the UN Framework Convention on Climate Change (UNFCCC)"
"Convention on Biological Diversity (CBD)",None,"Treaty","UNCED negotiators","UNCED negotiators eventually secured the adoption of ... the Convention on Biological Diversity (CBD)"
"Agenda 21",None,"Programme","UNCED negotiators","a global plan of action to promote sustainable development called Agenda 21"
"Rio Declaration on Environment and Development",None,"Declaration","UNCED negotiators","the Rio Declaration on Environment and Development, which set out a series of principles defining the rights and responsibilities of states"
"Statement of Forest Principles",None,"Statement","UNCED negotiators","and a Statement of Forest Principles to support the sustainable management of the world's forests"
"Resolution S-19/2",1997,"Resolution","UN General Assembly, Member states","The session's final document (Resolution S-19/2) outlined the need for a high-profile conference, equal in scale and ambition to UNCED"
"Resolution 55/199",2000,"Resolution","UN General Assembly","the UN General Assembly adopted Resolution 55/199, acknowledging that, despite many successful and continuing efforts of the international community since UNCHE, the environment and the natural resource base continued to deteriorate at an alarming rate"
"Kyoto Protocol",None,"Protocol","United Nations Framework Convention on Climate Change, United States (President George W. Bush)","A year earlier, Bush had rejected the Kyoto Protocol to tackle climate change, claiming that it would cripple the US economy"
"Millennium Development Goals (MDGs)",None,"Goals","United Nations","there was a deliberate attempt to connect WEHAB to the Millennium Development Goals (MDGs)"
"New Partnership for Africa's Development (NEPAD)",None,"Initiative","African Union, South African host country","there was a deliberate attempt to connect WEHAB to the Millennium Development Goals (MDGs) and the New Partnership for Africa's Development (NEPAD) initiative"
"Plan of Implementation",None,"Programme","World Summit on Sustainable Development","The outcome of the Summit was its Plan of Implementation and the Johannesburg Declaration on Sustainable Development."
"Johannesburg Declaration on Sustainable Development",None,"Declaration","World Summit on Sustainable Development","The outcome of the Summit was its Plan of Implementation and the Johannesburg Declaration on Sustainable Development."
"Ramsar Convention",1971,"Treaty","","Early MEAs covered specific traditional conservation issues such as the protection of wetlands (Ramsar Convention, 1971)."
"Convention on International Trade in Endangered Species of Wild Fauna and Flora",1973,"Treaty","","or of endangered species (Convention on International Trade in Endangered Species of Wild Fauna and Flora, CITES, 1973)."
"Vienna Convention for the Protection of the Ozone Layer",1985,"Treaty","twenty nations","Public concern over the health and environmental impacts of depletion of the ozone layer first translated into coordinated international action in 1985, when twenty nations signed the Vienna Convention for the Protection of the Ozone Layer."
"Montreal Protocol on Substances that Deplete the Ozone Layer",1987,"Protocol","forty-three nations","By 1987, representatives from forty-three nations had agreed to sign the Montreal Protocol, freeze production of CFCs at 1986 levels, and reduce production by 50 per cent by 1999."
"Basel Convention",1989,"Treaty","","hazardous wastes (Basel Convention, 1989)."
"UNFCCC",1992,"Treaty","","climate change (UNFCCC, 1992)."
"Rotterdam Convention",1998,"Treaty","","hazardous chemicals and pesticides (Rotterdam Convention, 1998)."
"Cartagena Protocol",2000,"Protocol","","bio-safety (Cartagena Protocol, 2000)."
"Stockholm Convention",2001,"Treaty","","persistent organic pollutants (Stockholm Convention, 2001)."
"IPCC First Assessment Report",1990,"Report","Intergovernmental Panel on Climate Change","It produced its first assessment report on the science of climate change in 1990"
"IPCC Second Assessment Report",1995,"Report","Intergovernmental Panel on Climate Change","The IPCC's second assessment report, published in 1995, concluded that 'the balance of evidence suggests a discernible human influence on global climate'."
"IPCC Fourth Assessment Report",2007,"Report","Intergovernmental Panel on Climate Change","By the fourth assessment report (2007), the IPCC's conclusions were more strongly worded"
"United Nations Framework Convention on Climate Change",1992,"Treaty","UN member states, countries","After the first IPCC assessment report, countries acted quickly to adopt the UNFCCC in 1992."
"Kyoto Protocol",1997,"Treaty","UNFCCC parties, developed countries","COP 3 in 1997 established the Kyoto Protocol to create mandatory emissions‑reduction targets for specific developed countries"
"Kyoto Protocol",None,"Treaty","UNFCCC","With the Kyoto Protocol nearing the end of its life span, attention turned towards negotiating a new set of international targets, either through an extension to Kyoto or as a successor to it."
"Copenhagen Accord",2009,"Declaration","major polluting countries","The final outcome was a statement of commitment to action called the Copenhagen Accord, supplemented by an annex of non-binding commitments from all the major polluting countries."
"Green Climate Fund",2010,"Programme","countries","Countries agreed principles for monitoring, reporting and verification of emissions, and established a Green Climate Fund for channelling mitigation and adaptation funding to developing nations."
"UNFCCC",None,"Treaty","countries","They also formally submitted their emissions reductions targets under the UNFCCC process, building on the Copenhagen Accord's hastily collected commitments."
"UNCHE",None,"Other","","UNCHE and UNCED in particular had worked in this way before, by pressing the international community to make the compromises needed to reach an agreement that could be announced as a conference success."
"UNCED",None,"Other","","UNCHE and UNCED in particular had worked in this way before, by pressing the international community to make the compromises needed to reach an agreement that could be announced as a conference success."
"Silent Spring",1962,"Book","Rachel Carson","Since the publication of Rachel Carson's Silent Spring (1962), the use of scientific evidence has become one of the central ways in which environmental arguments have been constructed."
"Earth Summit",2012,"Other","","Global environmental governance has now reached a critical juncture, with climate change negotiations and preparation for the 2012 Earth Summit (Stockholm +40, Rio +20) being undertaken to the backdrop of a global economic downturn and geopolitical shifts in power."
"Historia Naturalis",None,"Book","Pliny the Elder","Pliny the Elder (AD 23-79) wrote Historia Naturalis, an encyclopaedia which sought to catalogue all the entities found in nature."
"The Wisdom of God Manifested in the Works of the Creation",1691,"Book","John Ray","John Ray (1627-1705) called his popular study of the natural world The Wisdom of God Manifested in the Works of the Creation (1691)"
"Systema Naturae",1758,"Book","Carl Linnaeus","In Systema Naturae (1758), Linnaeus classified humans next to monkeys in the animal kingdom."
"Man and Nature",1864,"Book","George Perkins Marsh","In the same decade, George Perkins Marsh (1801-82) published Man and Nature (1864), and argued that humankind was the prime cause of species extinction."
"Mutual Aid: A Factor of Evolution",1902,"Book","Peter Kropotkin","In his book Mutual Aid: A Factor of Evolution (1902), he used examples from the animal world to show how cooperation rather than competition was central to societal prosperity and progress."
"A Sand County Almanac",None,"Book","Aldo Leopold","In A Sand County Almanac he wrote 'a thing is right when it tends to preserve the integrity, beauty, and stability of the biotic community. It is wrong when it tends otherwise.'"
"Inimical Effects on Wildlife of Periodic DDD Applications to Clear Lake",1960,"Report","Hunt, Bischoff","In 1960, Hunt and Bischoff published a paper entitled 'Inimical Effects on Wildlife of Periodic DDD Applications to Clear Lake'."
"Silent Spring",1962,"Book","Rachel Carson","The completed work was first serialised in the New Yorker and then published in book form as Silent Spring in 1962."
"Silent Spring",None,"Book","Rachel Carson","Silent Spring was not simply a book about pesticides: it translated fundamental ecological principles into clear environmental messages, and it challenged big business and the idea that science could be used to control nature."
"The Ecologist",1970,"Other","Edward Goldsmith","the following year, Edward Goldsmith (1928-2009) published the first edition of a new magazine called The Ecologist as a platform for environmental thinking in the UK."
"A Blueprint for Survival",1972,"Other","Edward Goldsmith","the magazine reached a wide audience in 1972 when it published Goldsmith's 'A Blueprint for Survival', a manifesto for societal change that was endorsed by scientists and academics and went on to sell 750,000 copies as a paperback book."
"Post-Scarcity Anarchism",1970,"Book","Murray Bookchin","Murray Bookchin (1921-2006) developed a more politically revolutionary approach, in which he combined anarchist political philosophy with ecology in books such as Post-Scarcity Anarchism (1970)."
"Global Atmospheric Research Programme (GARP)",None,"Programme","United Nations","Starting in the late 1960s, the UN system endorsed and supported global collaboration and research programmes such as the Global Atmospheric Research Programme (GARP) ..."
"Global Environment Monitoring System (GEMS)",None,"Programme","United Nations","Starting in the late 1960s, the UN system endorsed and supported global collaboration and research programmes such as ... the Global Environment Monitoring System (GEMS)."
"Red Data Books",1966,"Report","International Union for Conservation of Nature (IUCN)","From 1966 onwards, the International Union for Conservation of Nature (IUCN) published Red Data Books of threatened species in need of conservation attention"
"Convention on Biological Diversity (CBD)",1992,"Treaty","","by 1992 international momentum led to the adoption of the CBD"
"United Nations Framework Convention on Climate Change (UNFCCC)",1992,"Treaty","","Biodiversity together with climate change secured global attention at the 1992 Rio Earth Summit through the CBD and the UNFCCC"
"Silent Spring",None,"Book","","science has lost none of the power first shown by Silent Spring to push scientific issues to the top of the global political agenda"
"Global Biodiversity Outlook",2010,"Report","","The 2010 Global Biodiversity Outlook found that the target established in 2002 to achieve a significant reduction in the rate of biodiversity loss by 2010 had not been met"
"World Climate Research Programme",1980,"Programme","meteorological organisations","the first World Climate Research Programme was established in 1980"
"Air and Rain",1872,"Book","Robert Angus Smith","in his book Air and Rain (1872): 'there is no hope for vegetation [...] galvanized iron is valueless [...] stone and bricks of buildings crumble'."
"Beaver Committee Report",1954,"Report","Beaver Committee","The resulting Beaver Committee Report (1954) concluded that levels of air pollution could no longer be tolerated but also observed that 'sulphur dioxide is one of the most harmful of all polluting agents'."
"Clean Air Act",1956,"Law","UK government","The UK government responded by passing the 1956 Clean Air Act, which established smokeless zones and encouraged the burning of smokeless fuels."
"Air Quality Accord (Canada–USA)",1991,"Agreement","Canada, USA","An air quality accord between Canada and the USA was signed in 1991 after a change in administration from President Ronald Reagan (1981-89) to President George H. Bush (b. 1924)."
"European moratorium on approving the commercial growing of GM crops",2010,"Policy","European Union","The European moratorium on approving the commercial growing of GM crops came to an end in 2010"
"Wall Street Journal",None,"Publication","Global Climate Coalition, IPCC","In 1995 the Wall Street Journal picked up and published claims that editorial changes to the second report on the science of climate change were in violation of IPCC rules of procedure and would 'deceive policy makers and the public into believing that the scientific evidence shows human activities ..."
"Daily Telegraph",None,"Publication","United Kingdom","the Daily Telegraph, the most widely circulated broadsheet in the UK, summarised the atmosphere of hostility, claiming nobody was listening to scientists any more and describing them as 'white-coated prima donnas and narcissists [...] pointy heads in lab coats [who] have reassumed the role of mad cr..."
"Muir Russell emails review",None,"Report","Muir Russell, CRU scientists, IPCC","The Muir Russell emails review found 'their rigour and honesty as scientists are not in doubt' and that it 'did not find any evidence of behaviour that might undermine the conclusions of the IPCC assessments'."
"IPCC rules of procedure",None,"Standard","IPCC","In 1995 the Wall Street Journal ... were in violation of IPCC rules of procedure ..."
"fourth IPCC report",None,"Report","IPCC","this move came shortly before the fourth IPCC report concluded that there was a 90 per cent chance that anthropocentric greenhouse gas emissions caused most of the observed increase in global temperatures since the midtwentieth century"
"The Wealth of Nations",None,"Book","Adam Smith","In The Wealth of Nations Adam Smith (1723-90) described rent from the use of land, the wages of labour and profits of stock as 'the three original sources of all revenue as well as of all exchangeable value.'"
"An Essay on the Principle of Population, as it Affects the Future Improvement of Society",1798,"Book","Thomas Malthus","Thomas Malthus (1766-1834) in An Essay on the Principle of Population, as it Affects the Future Improvement of Society (1798), Malthus explained that population growth, driven initially by surplus food production, would eventually be constrained by limits to productive land and a resultant shortage ..."
"The Coal Question: An Inquiry Concerning the Progress of the Nation, and the Probable Exhaustion of our Coal-mines",1865,"Book","William Stanley Jevons","In 1865, William Stanley Jevons (1835-82) published The Coal Question: An Inquiry Concerning the Progress of the Nation, and the Probable Exhaustion of our Coal-mines, in which he argued that improvements in fuel efficiency tended to increase, rather than decrease, fuel use."
"Principles of Political Economy with some of their Applications to Social Philosophy",1862,"Book","John Stuart Mill","In 1862, he published the Principles of Political Economy with some of their Applications to Social Philosophy, in which he championed the 'stationary state economy' and warned against the drive for unlimited economic growth."
"The Affluent Society",1958,"Book","John Kenneth Galbraith","In The Affluent Society (1958), the American economist John Kenneth Galbraith (1908-2006), reflecting on the continued focus on production as a measure of progress, observed:"
"Resources for Freedom: Foundations for Growth and Security",1952,"Report","Paley Commission, William Paley","The following year the Paley Commission, chaired by William Paley (1901-90), produced a five-volume report: Resources for Freedom: Foundations for Growth and Security."
"Our Plundered Planet",1948,"Book","Henry Fairfield Osborn Jr","These included Henry Fairfield Osborn Jr's (1887-1969) Our Plundered Planet ... both published in 1948."
"Road to Survival",1948,"Book","William Vogt","... and William Vogt's (1902-68) Road to Survival, both published in 1948."
"The Population Bomb",1968,"Book","Paul R. Ehrlich","Ehrlich published The Population Bomb in 1968, and directly linked population growth to the Earth's capacity to sustain humankind."
"The Economics of the Coming Spaceship Earth",1966,"Other","Kenneth E. Boulding","In his 1966 essay 'The Economics of the Coming Spaceship Earth', Kenneth E. Boulding (1910-93) challenged neoclassical economic ideas..."
"European Recovery Program (Marshall Plan)",1947,"Programme","United States","The US European Recovery Program, also known as the Marshall Plan, ran from 1947 to 1951 and provided aid to repair the devastation of major war areas and begin economic reconstruction."
"The Closing Circle",1971,"Book","Barry Commoner, Paul R. Ehrlich, John P. Holdren","In a critique of Commoner's book The Closing Circle (1971), Ehrlich and his colleague John P. Holdren (b. 1944) accused Commoner of placing too great an emphasis on 'faulty technology'..."
"The Limits to Growth",1972,"Report","Club of Rome, Aurelio Peccei, Alexander King, Massachusetts Institute of Technology (MIT)","The Club's first report, The Limits to Growth (1972), was underpinned by the work of a group of systems scientists at the Massachusetts Institute of Technology (MIT)..."
"The Ultimate Resource",1981,"Book","Julian Simon","His arguments were summarised in The Ultimate Resource (1981)."
"The Entropy Law and the Economic Process",1971,"Book","Nicholas Georgescu‑Roegen","In The Entropy Law and the Economic Process (1971), Georgescu‑Roegen explained that whenever energy is used, the amount of usable energy available to society declines."
"Small is Beautiful: A Study of Economics as if People Mattered",1973,"Book","Ernst F. Schumacher","This argument was shared by Ernst F. Schumacher (1911‑77), who championed the use of appropriate technology in Small is Beautiful: A Study of Economics as if People Mattered (1973)."
"Index of Sustainable Economic Welfare",None,"Other","Herman E. Daly, John B. Cobb","Daly and John B. Cobb (b. 1925) constructed an index of sustainable economic welfare intended to replace GNP as a measure of economic wellbeing."
"Man's Impact on the Global Environment: Assessment and Recommendations for Action",1970,"Report","Massachusetts Institute of Technology (MIT)","An 1970 MIT report of the Study of Critical Environmental Problems, entitled Man's Impact on the Global Environment: Assessment and Recommendations for Action, described nine 'environmental services' that would decline if the functioning of ecosystems were damaged."
"Millennium Ecosystem Assessment",2001-2005,"Report","","The idea was developed further, applied to biodiversity assessments, and then used as a central organising concept for the Millennium Ecosystem Assessment, undertaken between 2001 and 2005."
"Stern Review",2006,"Report","Sir Nicholas Stern","The 2006 Stern Review is the most highprofile example of economic theory presenting the case for environmental action."
"Kyoto Protocol",None,"Treaty","","the Kyoto Protocol allows for the purchase of emissions-reduction credits through the Clean Development Mechanism."
"Clean Development Mechanism",None,"Programme","","the Kyoto Protocol allows for the purchase of emissions-reduction credits through the Clean Development Mechanism."
"EU Emissions Trading Scheme",None,"Policy","European Union","The EU has established an emissions trading scheme"
"Global Green New Deal",2008,"Programme","UNEP","Following in his footsteps, UNEP instigated the Global Green New Deal (GGND) initiative in December 2008."
"New Deal",None,"Programme","Franklin D. Roosevelt","US President Franklin D. Roosevelt's (1882-1945) response to the 1929 Great Depression was a series of economic programmes called the New Deal, which focused on relief, recovery and reform."
"G20 communiqué",2009,"Declaration","G20","A G20 communiqué from the meeting stated 'We will make the transition towards clean, innovative, resource efficient, low carbon technologies and infrastructure [...] We will identify and work together on further measures to build sustainable economies.'"
"American Recovery and Reinvestment Act",2009,"Law","United States","In February 2009, the USA adopted a US$78.5 billion American Recovery and Reinvestment Act, which included measures to retrofit buildings and expand mass transit, freight rail and renewable energy as well as construct a 'smart' electrical grid transmission system."
"Towards a Green Economy: Pathways to Sustainable Development and Poverty Eradication",2011,"Report","UNEP","In February 2011, UNEP published Towards a Green Economy: Pathways to Sustainable Development and Poverty Eradication, which further advocated green investment on a global scale."
"Prosperity Without Growth",2009,"Book","Tim Jackson","In Prosperity Without Growth (2009), Tim Jackson argues that a different kind of economy is essential for a different kind of prosperity..."
"Unsafe at Any Speed",1965,"Book","Ralph Nader","In 1965, Ralph Nader (b. 1934) published Unsafe at Any Speed, which examined the reluctance of the car industry to improve both vehicle pollution and safety."
"Clean Air Act",None,"Law","","Within years, both the US Clean Air Act and the National Traffic and Motor Vehicle Safety Act were established."
"National Traffic and Motor Vehicle Safety Act",None,"Law","","Within years, both the US Clean Air Act and the National Traffic and Motor Vehicle Safety Act were established."
"Marshall Plan",None,"Programme","United States","In order to modernise industrial and business practices in war‑torn Europe, the US Marshall Plan introduced American economic models to reduce trade barriers and rebuild and create a strong economic foundation."
"The Affluent Society",1956,"Book","J. K. Galbraith","The economist J. K. Galbraith (1908-2006) eloquently identified the imbalance between the new‑found private wealth and its environmental effects in his book The Affluent Society (1956)."
"Earthrise",1968,"Picture","Apollo 8 crew","The first pictures of Earth from space were actually taken by the crew of Apollo 8 eight months earlier, on Christmas Eve in December 1968... The first image of Earth rising in the vast darkness of space over a lunar landscape became an iconic picture. ... the image became known as 'Earthrise'."
"Earth Day: A Question of Survival",1970,"Report","CBS News","Media coverage included a primetime CBS News Special Report called Earth Day: A Question of Survival."
"Crying Indian",1971,"Other","Keep America Beautiful (KAB)","In 1971, Keep America Beautiful (KAB) launched the 'Crying Indian' public announcement campaign, which was to become an iconic symbol of personal environmental responsibility."
"Oregon Bottle Bill",1971,"Law","State of Oregon","in 1971 the State of Oregon's landmark Bottle Bill became law in spite of intense lobbying by container and beverage industries."
"Clean Community System",None,"Programme","Keep America Beautiful (KAB)","a year later launched the Clean Community System as an alternative that placed an emphasis on street cleaning and other litter-control activities."
"Save it",None,"Programme","UK government","In the UK this caused national debates on energy security and led the government to introduce a national 'Save it' campaign to promote energy conservation."
"Are you doing your bit?",None,"Programme","UK government","Other notable public information campaigns included the UK government's 'Are you doing your bit?' campaign in the late 1990s"
"Act on CO2",None,"Programme","UK government","and more recently in the 2000s the 'Act on CO2' campaign."
"Montreal Protocol",None,"Treaty","","The discovery of the Antarctic ozone hole in 1985 spurred an international effort to sign the Montreal Protocol to curb the production of CFCs"
"The Aerosol Connection",1986,"Report","Friends of the Earth (UK FoE)","In 1986, the UK FoE published a pamphlet, The Aerosol Connection, detailing a list of aerosols that were CFC‑free."
"The Green Consumer Guide",1988,"Book","John Elkington, Julia Hailes","In 1988, John Elkington (b. 1949) and Julia Hailes (b. 1961) published The Green Consumer Guide, which reflected the growing interest in green consumerism"
"EU Ecolabel",1992,"Programme","European Union","the EU introduced a voluntary Ecolabel scheme in 1992."
"Plan A",2007,"Programme","Marks & Spencer","Marks & Spencer launched a £200 million 'Plan A' programme to make the company carbon neutral by cutting energy consumption and stocking more products from recycled materials."
"Save the whale",1986,"Other","The Body Shop, Greenpeace","In 1986 it created its own window campaign, 'Save the whale', in collaboration with Greenpeace."
"The Undersea World of Jacques Cousteau",1966,"Other","Jacques Cousteau","The 1966 US broadcast of The Undersea World of Jacques Cousteau brought life under the seas to public attention for the very first time."
"Life on Earth",1979,"Other","David Attenborough","In 1979, Attenborough produced a highly acclaimed documentary, Life on Earth, which told the story of the evolution of life on the planet."
"Live Aid",1985,"Other","International artists","with the success of the Live Aid concert on 13 July 1985 which galvanised a host of international artists to raise money to tackle the Ethiopian famine"
"Green Issue (Vanity Fair)",2006,"Other","Vanity Fair, Julia Roberts, George Clooney, Al Gore, Robert Kennedy Jr, Annie Leibovitz","In May 2006, US Vanity Fair, a magazine of popular culture, fashion and politics, reflected popular environmental awareness when it published its 'Green Issue'. The cover featured Hollywood movie stars Julia Roberts (b. 1967) and George Clooney (b. 1961), and politicians Al Gore (b. 1948) and Robert..."
"An Inconvenient Truth",2006,"Other","Al Gore","In 2006, former US Democratic Party Vice President Al Gore's long-standing interest in environmental issues led him to produce the Oscar-winning documentary An Inconvenient Truth."
"The Day After Tomorrow",2004,"Other","","This followed the 2004 Hollywood science-fiction disaster film The Day After Tomorrow."
"The 11th Hour",2007,"Other","Leonardo DiCaprio","In 2007, US actor Leonardo DiCaprio (b. 1974) produced and narrated the feature film documentary The 11th Hour on the state of the natural environment."
"The Age of Stupid",2009,"Other","Franny Armstrong, Pete Postlethwaite","In 2009 British environmental campaigner Franny Armstrong (b. 1972) produced the film The Age of Stupid, which continued the climate change theme. A drama-documentary-animation hybrid, The Age of Stupid stars British actor Pete Postlethwaite (1946-2011)..."
"Climate Safety",2008,"Report","Public Interest Research Centre","In 2008, the Public Interest Research Centre's report Climate Safety concluded the need for a 10 per cent reduction in the developed world's emissions by the end of 2010."
"10:10 campaign",2008,"Programme","Franny Armstrong","This inspired Armstrong to found the 10:10 campaign, which encouraged individuals, businesses and organisations to commit to reducing their carbon emissions."
"Active Resistance",2005,"Programme","Vivienne Westwood","In 2005, the designer Vivenne Westwood (b. 1941) set up 'Active Resistance' as a project to encourage engagement with humanitarian and environmental issues."
"Duchy Originals",1990,"Other","Prince Charles","In 1990, he launched his own organic brand, Duchy Originals, which embodies the Prince of Wales's commitment to producing natural, organic products while helping to protect and sustain the countryside and wildlife."
"2009 EU study",2009,"Report","European Union","A 2009 EU study found that two-thirds of Europeans felt the climate is a very serious problem."
"2010 Yale University study of US public attitudes to climate change",2010,"Report","Yale University","A 2010 Yale University study of US public attitudes to climate change found that 63 per cent of Americans believed that global warming is happening."
"Sizzle: The New Climate Message",None,"Report","Futerra","A report by the sustainability communications consultancy Futerra, Sizzle: The New Climate Message, argues that in order to reinvigorate public and media interest, campaigns need to focus on a vision of a greener life that is positive and appealing to all."
